{
  "labx": [
    -47.33,
    -47.33,
    -47.33,
    -47.33,
    -47.33,
    -47.33,
    -47.33,
    -47.33,
    -47.33,
    -47.33,
    -47.33,
    -47.33,
    -47.33,
    -47.33,
    -47.33,
    -47.33,
    -47.33,
    -47.33,
    -47.33,
    -47.33,
    -47.33,
    -47.33,
    -47.33,
    -47.33,
    -47.33,
    -47.33,
    -47.33,
    -46.8301,
    -46.8301,
    -46.8301,
    -46.8301,
    -46.8301,
    -46.8301,
    -46.8301,
    -46.8301,
    -46.8301,
    -46.8301,
    -46.8301,
    -46.8301,
    -46.8301,
    -46.8301,
    -46.8301,
    -46.8301,
    -46.8301,
    -46.8301,
    -46.8301,
    -46.8301,
    -46.8301,
    -46.8301,
    -46.8301,
    -46.8301,
    -46.8301,
    -46.8301,
    -46.8301,
    -46.3299,
    -46.3299,
    -46.3299,
    -46.3299,
    -46.3299,
    -46.3299,
    -46.3299,
    -46.3299,
    -46.3299,
    -46.3299
  ],
  "labz": [
    -255.3,
    -242.3,
    -242.8,
    -243.3,
    -243.8,
    -244.3,
    -244.8,
    -245.3,
    -245.8,
    -246.3,
    -246.8,
    -247.3,
    -247.8,
    -254.8,
    -248.8,
    -254.3,
    -253.8,
    -253.3,
    -252.8,
    -252.3,
    -248.3,
    -251.3,
    -250.8,
    -250.3,
    -249.8,
    -249.3,
    -251.8,
    -246.8,
    -246.3,
    -245.8,
    -245.3,
    -244.8,
    -243.3,
    -243.8,
    -242.8,
    -242.3,
    -247.3,
    -244.3,
    -247.8,
    -248.3,
    -255.3,
    -248.8,
    -254.8,
    -254.3,
    -253.8,
    -252.8,
    -252.3,
    -253.3,
    -251.3,
    -250.8,
    -250.3,
    -249.8,
    -249.3,
    -251.8,
    -245.8,
    -247.3,
    -246.8,
    -246.3,
    -245.3,
    -247.8,
    -244.3,
    -243.8,
    -243.3,
    -242.8
  ],
  "0/data/uniform_strain": [
    0.0,
    0.0,
    3455.380935570932,
    2359.9850182481955,
    2272.0714464764133,
    2109.2667869592356,
    2005.4076514247288,
    2047.9058001651758,
    2007.2172798201184,
    2788.6880261439037,
    1821.4664679573684,
    1867.7170049687597,
    1677.970016220898,
    4155.799262170318,
    1943.7005048090982,
    2783.6980542649235,
    1259.6153422995076,
    1700.12737098608,
    1469.1336248223522,
    1096.769249075328,
    2773.93456775998,
    1927.3961159540952,
    1628.3240510445612,
    1891.49278636974,
    2104.2851793232726,
    2015.1763460414352,
    1582.947749919372,
    1832.9763275304215,
    1781.0161102943375,
    2043.175944686711,
    2155.9704369013266,
    1899.7583602322861,
    2735.108763211594,
    2436.8448345602246,
    3517.8692305556947,
    0.0,
    1538.6150586193912,
    1684.6025348750131,
    1922.0090616862083,
    1821.959548307271,
    0.0,
    1894.0223664453017,
    5112.907592341384,
    3183.4336644256537,
    2452.9602293851776,
    2151.08842924409,
    2062.539409872075,
    2423.917713406594,
    1470.1390745856866,
    1616.8921954090606,
    1729.0523501954267,
    1688.2158407418626,
    1251.6257215028704,
    1693.7292678605302,
    1710.8701778722545,
    1628.13088964477,
    1711.2491558465176,
    1947.0269200094187,
    1595.0398823087326,
    1879.3591287084348,
    1889.4400397586908,
    2131.809134126222,
    2652.646251386619,
    3607.521265156129
  ],
  "0/data/unconstrained_strain": [
    0.0,
    0.0,
    3207.238081260667,
    2574.1462480466093,
    2312.7750590043597,
    1960.4882738429603,
    2123.968924018781,
    2304.0184202105493,
    2014.522137767137,
    2718.638726009728,
    1861.778267213947,
    1803.0850847920221,
    2195.3937274720142,
    4405.392388365535,
    1762.0313800530403,
    2326.1050688468786,
    1702.469896817227,
    2102.3161623921224,
    1688.3270294637875,
    1819.1966508206026,
    1670.4148927052984,
    1713.2882128964761,
    2230.4067141562346,
    1780.6201613498515,
    1722.982449355762,
    1783.2607212499709,
    1684.6323949493287,
    1998.88912741515,
    1903.052645491562,
    1874.7327442088329,
    1830.5815157557463,
    1983.5878421001278,
    2382.216653332095,
    2275.301648032134,
    3641.2983354974463,
    0.0,
    2408.3683586588386,
    1966.7421740838874,
    1924.088153388805,
    1880.2370613416017,
    0.0,
    1692.1047157047844,
    4304.848327010673,
    3105.5514285256368,
    2209.5153138476776,
    1974.367538108558,
    1747.1365163322057,
    2283.876314413996,
    1920.9570413795566,
    1752.5171920115424,
    1674.0781563852022,
    1644.5788611270505,
    1935.308262567704,
    2234.7687118254576,
    1774.3278366416646,
    1928.0094251292414,
    1838.7117958694919,
    2003.426678771921,
    1822.965064059411,
    2067.8528821776617,
    2000.6591715179645,
    2112.117404259134,
    2643.4764376677713,
    3684.7886503268696
  ],
  "0/unconstrained_fit/2_2_2/centers/values": [
    85.81717083563315,
    85.81717083563315,
    85.44169106397732,
    85.29497527700852,
    85.59165135124402,
    85.60259173142518,
    85.53206620643128,
    85.34175962914239,
    85.51902366544884,
    85.19961379366727,
    85.55865435966244,
    85.57144838405053,
    85.37265807331063,
    84.81743993400201,
    85.55559620007728,
    85.54268994168481,
    85.4870564841642,
    85.35362156707934,
    85.58972789507818,
    85.35874583687456,
    85.6038944674522,
    85.55025131253727,
    85.26875337866929,
    85.57927972907333,
    85.60073565489394,
    85.60143766734352,
    85.553845487191,
    85.5746271643656,
    85.54412496869949,
    85.58020923320122,
    85.64722259757052,
    85.59513790949381,
    85.52845263964846,
    85.56796725825572,
    85.40917856700962,
    85.81717083563315,
    85.24464102618185,
    85.58074928590221,
    85.5729109541279,
    85.54380742921826,
    85.81717083563315,
    85.58004699532623,
    85.46880873569413,
    85.32276334327545,
    85.57259178574525,
    85.59280426027016,
    85.59307521141868,
    85.51455513829653,
    85.36010839645836,
    85.51147900277918,
    85.5437606354576,
    85.59451708930646,
    85.40431388086986,
    85.29223734092773,
    85.59939574794916,
    85.54238498645756,
    85.58006956091285,
    85.5535599783274,
    85.60122717586465,
    85.52361896394274,
    85.61537473214428,
    85.56313624762912,
    85.51458914192426,
    85.45005790922036
  ]
}