lab_x,lab_z,strain_xx,strain_yy,strain_xy,strain_error_xx,strain_error_yy,strain_error_xy
23.898758,-26.035507,0.0003225125040624095,0.0007459342843344315,0.0005986024979549605,0.0006509713716965829,0.0007128965677874349,0.0006440535295195473
23.898758,-24.627077,0.0012882789893961754,-0.0008573704618603494,0.00059940750749437,0.0004499433575154246,0.0004927452868433937,0.00044516183060114544
23.898758,-23.218393,0.0010856445723127983,9.503326529866061e-05,-0.00011382778368460016,0.0001962538182622908,0.00021492292831561458,0.00019416823815824864
23.898758,-21.809709,0.0011597105505515226,3.498174595228761e-05,0.00022597411015058604,0.00036175984129107073,0.00039617310442948463,0.00035791543645793294
23.898758,-20.401025,0.0007042646665387569,-0.0004838288286679111,0.0001928930131915973,9.347205436840801e-05,0.00010236380529237221,9.247873123894632e-05
23.898758,-18.992595,0.0005319873979445631,0.0001949018730660402,-0.00022797860295554247,0.00018315888176518447,0.00020058230491775374,0.00018121246093586154
23.898758,-17.583911,0.001137600929541578,-2.4933860991153763e-05,-0.0003525166919940067,0.00030239399417480593,0.0003311599402661771,0.00029918046740765015
23.898758,-16.175228,0.00021620291296447466,-0.0002658537979150814,-2.942553111469053e-05,6.957677714932895e-05,7.619543313880341e-05,6.883738800806321e-05
23.898758,-14.766544,-5.0167677207259416e-05,7.906206299650379e-06,0.00010886879609141054,6.279308416395931e-05,6.876642526473137e-05,6.212578500936783e-05
23.898758,-13.358114,-0.00026097468565288156,-9.11299993927326e-06,2.8169316236076e-05,0.0001008985970356622,0.00011049681544958797,9.982635238651697e-05
23.898758,-11.94943,-0.00014842333868127114,0.00023355434789863576,-7.883372948850287e-05,0.0003034402803474328,0.00033230575689361676,0.0003002156347468659
23.898758,-10.540746,-0.00038137876267834163,0.0002495811205100277,0.0002308793731026602,0.00019713883845040228,0.000215892138148447,0.00019504385327862213
23.898758,-9.1320618,-0.0002539208662169016,2.1330495518732353e-05,7.761328226929613e-05,9.390905371172638e-05,0.00010284237523493468,9.29110866109037e-05
23.898758,-7.7236318,-0.0003748434592239905,6.873969778300912e-06,0.000188766196698846,0.0001574873915716435,0.00017246875331619033,0.00015581378046198687
23.898758,-6.3149478,-0.00018870953203564117,-0.00015326781180724988,0.000123884707519195,3.941068801038695e-05,4.315972320488863e-05,3.8991872480886014e-05
23.898758,-4.9062639,-0.0001749108019995805,7.481971464444996e-05,0.00011472974795193818,8.156595954131763e-05,8.93251149490164e-05,8.069916192225877e-05
23.898758,-3.4975799,-0.00031182495577127743,0.0003702036437508243,0.00048210686682097274,0.0002354174823136178,0.0002578121288201058,0.00023291571179195306
23.898758,-2.08915,-0.0002072362963634139,-2.5395243787459397e-05,1.7381233679243834e-05,0.00011150174706515968,0.0001221086152801159,0.00011031682323880855
23.898758,-0.68046602,-0.00012128956355103919,-0.00027505597003297025,0.0002408526992041576,0.00010116229440130937,0.00011078559765264229,0.00010008724745252666
23.898758,0.72821793,0.00028684654829335055,-0.0006489055999369546,6.52411515924236e-05,0.00039536547798340823,0.00043297555703540104,0.0003911639476292875
23.898758,2.1369019,-3.9201691871457356e-05,0.00016446016645038457,0.00016396453948330986,0.00020316447928193007,0.00022249098235923036,0.00020100545990762935
23.898758,3.5453318,-8.099900880856927e-05,-0.00023923561014374195,0.0002857363034713423,7.148254510548373e-05,7.82824917931072e-05,7.072290345784275e-05
23.898758,4.9540158,0.00015836881798747627,-7.608559366900932e-06,6.886001660899542e-05,0.00021049148255097903,0.0002305149841972282,0.00020825459945786494
23.898758,6.3626998,0.0003685395509729844,-7.596176060188075e-06,0.00012732999514604543,0.00020380058190427636,0.00022318759575220976,0.0002016348026974837
23.898758,7.7713837,0.00031912986292955743,-7.822104857166936e-05,0.00037915521745694904,8.45671624925283e-05,9.261181445078357e-05,8.366847123056419e-05
23.898758,9.1798137,0.0006059258705877582,-0.00028496619043833583,0.00021971159243619096,9.738518516170754e-05,0.00010664918193608657,9.635027737569245e-05
23.898758,10.588498,-0.0005472134011555073,-0.0011392169849596253,0.00045678162132659956,0.000795757527581783,0.000871455850243405,0.0007873010497386095
21.834957,-30.261559,0.002253103718565051,0.0008874307542848706,0.0003549559762177719,0.0009791793675631255,0.0010723261278883609,0.0009687736744308011
21.834957,-28.852875,0.0010817010611653157,0.00023060262795082271,0.0017584316730720885,0.0007681788579139467,0.0008412536941898766,0.0007600154572902927
21.834957,-27.444191,0.0005751528072885897,6.2580356637768e-05,0.0010387676212596374,0.0006018346952242419,0.0006590856483928452,0.0005954390262031295
21.834957,-26.035507,0.0008366334146424586,6.016637468227156e-05,2.7156023491469636e-05,0.00028629116326363464,0.0003135252893631246,0.00028324876052487696
21.834957,-24.627077,0.000804628669342162,0.00019826662865236395,0.00021315476036830007,0.00018765070795203484,0.00020550142672643,0.00018565655269640118
21.834957,-23.218393,0.0008695000415214037,0.0003645219461162812,-0.00010110931945679443,0.00013921200135782387,0.00015245487325220877,0.0001377326019616118
21.834957,-21.809709,0.0008109682606854818,0.0005160835810358551,-0.0005118236153037096,0.00031212826032930066,0.0003418202015823531,0.00030881128797518616
21.834957,-20.401025,0.0008037351250959725,-4.263672329045208e-05,0.00019473263912972425,0.00013487542279332217,0.00014770576736372658,0.00013344210801317688
21.834957,-18.992595,0.0007880569357725423,-0.00015826082267008542,-2.231714667638537e-05,9.780388790899886e-05,0.00010710771477529332,9.676453058810329e-05
21.834957,-17.583911,0.0006467361211592733,-0.0005850433350039751,-0.00016779899320068376,0.00019243974585666162,0.00021074603322270913,0.00019039469772018955
21.834957,-16.175228,0.00022944803689358963,3.203707833829671e-05,-1.118888365079226e-05,9.63629301769835e-05,0.00010552968252055293,9.533888584639355e-05
21.834957,-14.766544,0.000217478904793292,-0.00020941780023297365,0.00012011231706640491,0.00020007004726335894,0.0002191021851536973,0.00019794391227281034
21.834957,-13.358114,0.00013617195582017296,0.0003767391234550551,-0.00029459638192593,0.0003062088669468395,0.000335337711861854,0.0003029547997076081
21.834957,-11.94943,-0.00024177819892083128,0.00027244591782960877,2.658848072951563e-05,0.00011320647931363377,0.00012397551422814375,0.00011200343937768639
21.834957,-10.540746,-0.00027355424002633736,0.00028522576048680174,6.826040475351221e-08,0.0002619715350752534,0.0002868921988475499,0.0002591875758823667
21.834957,-9.1320618,-0.0003260324648724606,0.00035705070937435974,3.584490589476001e-06,0.00019103664210113851,0.00020920945589455688,0.00018900650468292628
21.834957,-7.7236318,-0.0006142462457520211,0.0007174398680128528,0.00035446280557997897,0.00024635706356333683,0.0002697923636884111,0.00024373903862470834
21.834957,-6.3149478,-0.00020149086121890213,0.00020187441228785923,0.0002546541638271645,0.00015436725057562216,0.00016905180150632608,0.00015272679705822566
21.834957,-4.9062639,-0.00037202829871951424,0.0005720246310619734,0.0003393424623555768,0.00023991123461335203,0.00026273335996871106,0.00023736170919662727
21.834957,-3.4975799,-0.0002461570001515865,2.244382113211306e-05,0.000388585503079392,0.00021438875621484328,0.0002347829952632311,0.00021211045697764556
21.834957,-2.08915,-0.00012739825049443217,0.00027464404654568435,8.306103740567975e-05,0.00027433006896640457,0.00030042636759543045,0.00027141477621491443
21.834957,-0.68046602,0.00018622272879128293,1.355468508451591e-05,-4.638820390834742e-05,0.00019147026652444117,0.0002096843298695641,0.00018943552099947455
21.834957,0.72821793,-4.784820674126555e-05,-1.4393013715720944e-05,0.00023615129380440898,8.863382122278967e-05,9.706532374065328e-05,8.769191376973829e-05
21.834957,2.1369019,6.725091018385596e-05,-0.00029914011245914506,0.00022137810419075451,8.389192294985883e-05,9.187234114491347e-05,8.300040742691868e-05
21.834957,3.5453318,0.00011126061860884502,-7.452079216646857e-05,0.00024854262502184594,0.00014031093550716977,0.00015365834611930115,0.00013881985778896756
21.834957,4.9540158,5.9877980302232865e-05,-0.00019050459548729666,0.00041854170902088717,0.00012359110674140867,0.00013534800397656079,0.00012227770985772198
21.834957,6.3626998,0.0006094068581973611,-0.00026031155486214375,0.00031678107925833316,0.0002936856736764159,0.00032162322012190285,0.0002905646898227736
21.834957,7.7713837,0.00041825033932703007,1.576038184819143e-06,0.0003345129842691743,0.00019991551965525616,0.00021893295774012324,0.0001977910268220855
21.834957,9.1798137,0.0004005559001116979,0.00036350671645956343,0.00018453245188546655,0.00023963790720509876,0.0002624340316428434,0.00023709128642609772
21.834957,10.588498,-0.0014682973622207646,-0.0011689657008522186,-0.00017015032150701463,0.0013034247678398877,0.0014274161411063253,0.0012895733340940099
19.771156,-30.261559,-0.0017156151795345172,-0.0007151227818028083,-0.0005001586977059056,0.0013787101577199914,0.0015098632323197478,0.0013640586696661054
19.771156,-28.852875,0.00090379598438457,-0.0009459783021776943,0.000568015233528587,0.0005872072430746873,0.0006430667251478659,0.0005809670192940976
19.771156,-27.444191,0.0010183723980185298,0.0006836782014431783,-0.00037030315542976985,0.0003816273071805804,0.0004179305101450039,0.00037757177171873936
19.771156,-26.035507,0.0008060967506369599,-0.0004212717846802279,-0.00011648785607592397,0.0002455204880108252,0.0002688762069031592,0.00024291135332194495
19.771156,-24.627077,0.0013290656946806586,4.399459120141461e-05,-0.0004975728304886327,0.00043736389341154534,0.0004789691713691609,0.0004327160478703591
19.771156,-23.218393,0.0008269920391946832,0.0005981606784178815,3.280698644663753e-05,0.0002611860167951411,0.00028603195627683383,0.0002584104052667783
19.771156,-21.809709,0.0010993952034084895,-0.000289332299530853,2.4352737133828264e-05,0.0003533224321373216,0.0003869330667118294,0.00034956769125387875
19.771156,-20.401025,0.0009668257926578398,-0.00029888440562335106,8.363112940205516e-05,8.975384154420524e-05,9.829188865193196e-05,8.880003168773489e-05
19.771156,-18.992595,0.0014234847899737002,-0.0006696732455035905,-3.726883028311122e-05,0.00033317094070872835,0.0003648646168527137,0.00032963034877741746
19.771156,-17.583911,0.0006440726931306795,-0.0003951921439782022,0.00010753205046886794,0.00011793703063963257,0.0001291560704719393,0.00011668371935732255
19.771156,-16.175228,0.0003443357879339965,0.0004903866400579764,0.0001393894480590964,0.00033672427910893973,0.0003687559750003207,0.00033314592601823727
19.771156,-14.766544,8.453944348572769e-05,8.08802446161228e-05,-0.0001666223631328487,8.770152941793383e-05,9.604434546605502e-05,8.676952938604789e-05
19.771156,-13.358114,-0.00017070973370842012,-0.0001912078207927806,0.00025457438584426944,9.216467259654806e-05,0.0001009320557278301,9.11852429519513e-05
19.771156,-11.94943,-0.0003240122692033111,0.0003717630618837268,-0.00011605790366013982,0.00015354168860809889,0.00016814770599795235,0.00015191000829858665
19.771156,-10.540746,-0.00029374478341684433,0.00047084202131304043,0.00020116755968411333,0.00021418279164876557,0.00023455743783026584,0.00021190668118650552
19.771156,-9.1320618,-0.0005523746940983606,0.00035342180062899797,-0.00048510078511641516,0.00035339006355366036,0.0003870071317270942,0.00034963460395343667
19.771156,-7.7236318,-0.0003551404308490161,0.0003615229407802066,0.00022855607462865993,0.0003157250973324006,0.0003457591962409837,0.00031236990155903327
19.771156,-6.3149478,-0.0001738567056360239,0.0004076168531613753,0.00045512088710827436,0.0004012469283046659,0.0004394164942709139,0.00039698289605290856
19.771156,-4.9062639,5.2302960993240505e-05,4.807306084384478e-05,0.00011264278870297146,8.445591165812824e-05,9.2489980616989e-05,8.355840265366467e-05
19.771156,-3.4975799,0.0005367940637349821,-0.00023645062039791945,0.0001345194578709845,0.000278517604879494,0.0003050122527954901,0.00027555781138022717
19.771156,-2.08915,9.124986502820118e-05,-0.00011276809413310036,-0.00010517968824195268,0.00011391996540414079,0.00012475687237580472,0.00011270934328512429
19.771156,-0.68046602,4.634806360705153e-05,0.0003008591602726141,-0.00024109111508995677,0.00020810105395210418,0.00022789716040619404,0.00020588957383053282
19.771156,0.72821793,4.640868616178043e-05,-0.00012438829264538613,8.950085336361829e-05,4.277708237026967e-05,4.684635381470366e-05,4.2322492326131684e-05
19.771156,2.1369019,0.0002280406653450988,-7.87247346582968e-06,-8.001113909947519e-05,8.28898431332134e-05,9.077493610827601e-05,8.200897666538627e-05
19.771156,3.5453318,7.261117178706824e-05,0.00013958280346189144,9.297057559437964e-05,0.0001434517233033602,0.00015709790880596747,0.00014192726858083926
19.771156,4.9540158,0.00017903056969559557,-0.0002057956960900825,0.00019826237632285582,7.201088058805198e-05,7.886108644202605e-05,7.124562434403173e-05
19.771156,6.3626998,0.00014666687481866886,-0.0001577649997423007,0.00024241642898063822,8.165430379603869e-05,8.942186316049776e-05,8.078656734666015e-05
19.771156,7.7713837,9.929636881523885e-05,-9.783328896832005e-05,0.00010547805186895578,0.0001895338487572002,0.0002075637057679531,0.00018751968145270989
19.771156,9.1798137,0.0005323058335412131,-0.0003049409392255135,0.00026024759202068385,5.611173253422037e-05,6.144949421035206e-05,5.55154357894447e-05
19.771156,10.588498,-0.0009297591537474045,-0.0011081663471105136,0.0001817419154085585,0.0009365088169123033,0.001025596439894824,0.0009265565817313256
17.707355,-30.261559,0.00030237234177957667,0.0007605152206992853,0.0004596548599787452,0.0005917736914041971,0.0006480675677176663,0.000585484940194776
17.707355,-28.852875,0.000611904137272226,-0.00011209103432555098,0.0005874655008596798,0.0002834637206453806,0.00031042887955773645,0.0002804513650073118
17.707355,-27.444191,0.001465151842594173,-0.0006195393476926341,-6.966310896756758e-05,0.0004689271128644277,0.0005135349169474308,0.0004639438464680008
17.707355,-26.035507,0.001070578522894036,0.0005931092918816517,-0.0005645504340802641,0.00037696001696759467,0.0004128192328781923,0.00037295408058247824
17.707355,-24.627077,0.0007253269970183244,-2.8088256146177442e-05,-4.2015272456431416e-05,0.00016625854047254963,0.00018207427856491832,0.00016449171877567825
17.707355,-23.218393,0.0006912791425523479,0.0006367313998842187,-1.1650775756607217e-05,0.00036706238203738375,0.0004019800619437577,0.00036316162735195383
17.707355,-21.809709,0.0007193830943839281,0.0003893970285291575,-0.00011668572930282466,0.0002701367729317743,0.0002958341743273956,0.00026726604214092806
17.707355,-20.401025,0.0007676756204722703,-0.00030145874695371275,0.00023497182095417188,0.00011307839101648097,0.00012383524122807935,0.00011187671226898697
17.707355,-18.992595,0.0008326658329557644,0.0002620252530702648,-1.2465057399478184e-05,0.00017910212169071696,0.0001961396359172333,0.00017719881186035942
17.707355,-17.583911,0.0005986243936519939,0.00016424241229313062,0.00012414083127804064,0.0002579071885545867,0.0002824412217223831,0.00025516642098173984
17.707355,-16.175228,0.00041465780960784254,0.0005713273260281876,-0.00029277294914392546,0.00023170773006659368,0.0002537494775903543,0.00022924538290769358
17.707355,-14.766544,-0.00017546972505501357,0.0001079540043285667,8.25035988398645e-05,0.00010930787529142975,0.0001197060462493744,0.00010814626563726956
17.707355,-13.358114,-0.000499479261367423,0.0002885392720302838,4.771847566437189e-05,0.00019118019067291476,0.00020936665986429705,0.0001891485277704768
17.707355,-11.94943,-7.983529327117949e-05,0.0003868173013550176,-0.00011363321162278908,0.00018269070869366785,0.00020006959577167978,0.00018074926311788256
17.707355,-10.540746,-0.00038181005631180765,0.00038438686921514313,0.00017051782265004896,0.00015684790754516383,0.0001717684368549534,0.0001551810922022262
17.707355,-9.1320618,-0.00027103011625364984,0.00023756842932843284,0.00016158303955445216,0.0001555330935530394,0.0001703285480627405,0.00015388025067662446
17.707355,-7.7236318,-0.00021252847409583572,9.823242564877478e-05,-6.266087981909514e-05,0.00011255213197671905,0.00012325892054873452,0.00011135604575945902
17.707355,-6.3149478,-0.00040656047944939553,0.0003870936839789696,-8.201285508521898e-05,0.00021094897911525684,0.00023101600120675305,0.00020870723422779014
17.707355,-4.9062639,-0.00014502543797892953,7.947203737589517e-05,0.0001704336621112624,9.390534138009955e-05,0.00010283830975892651,9.290741373007683e-05
17.707355,-3.4975799,0.0005181935696965752,-0.00024784283087389325,-0.00039643124455483286,0.00033675719705873573,0.0003687920243483302,0.00033317849415025555
17.707355,-2.08915,7.018247952943352e-06,4.819781681017832e-05,0.00011959862817074966,8.973963542124346e-05,9.827633113813996e-05,8.878597653262764e-05
17.707355,-0.68046602,-7.450062434144808e-05,7.830436830913718e-05,0.00010357134924531194,5.7046644647187894e-05,6.247334205613874e-05,5.6440412635298206e-05
17.707355,0.72821793,2.047851022100558e-05,-0.00012575634092211634,0.0001851784286430586,6.390250343734335e-05,6.998138067847265e-05,6.322341453618287e-05
17.707355,2.1369019,1.183693335609559e-06,-0.00010182213856315543,0.0001162133291022593,0.0001088867747893647,0.00011924488756307193,0.00010772964015058793
17.707355,3.5453318,0.00014748800140640202,-9.80606206647186e-05,0.0001680220676212007,0.00012103485167133138,0.00013254857907858347,0.00011974861999050954
17.707355,4.9540158,0.00025500987592971656,-0.0002891043629075079,0.00012854075829495093,8.71988037058073e-05,9.549379677793115e-05,8.627214611665808e-05
17.707355,6.3626998,0.00034138214817610425,-0.00016725512650192091,3.440219392964778e-05,0.00011179603693818985,0.0001224309001758806,0.00011060798570742411
17.707355,7.7713837,0.00038089102966427213,-1.2822413732297117e-05,0.00017980854542590921,0.000109900992947285,0.00012035558562939492,0.00010873308025998939
17.707355,9.1798137,0.0005759187626535274,-0.000281328225610011,0.00020698849093772742,7.694731744946778e-05,8.42671135709874e-05,7.61296019229614e-05
17.707355,10.588498,-0.0015965896768860932,-0.0007842569811246365,-0.0011590304718152832,0.001632947780706844,0.001788285812328504,0.0016155945213856492
15.643555,-30.261559,-0.0006601730671134419,0.0008076684191066722,-0.0008707445221674603,0.0017621025623845992,0.0019297267490324724,0.0017433767812611496
15.643555,-28.852875,-0.0008637026213770072,0.0005739250911536854,-0.0009947522523784315,0.001659273933255694,0.0018171163026254834,0.001641640907168272
15.643555,-27.444191,-0.00022242829844895903,5.791017794633507e-05,-0.0017889570945878298,0.0015535864023771275,0.0017013749946059322,0.001537076512684351
15.643555,-26.035507,0.0007879111611665202,1.3511296235130186e-05,0.00026241823768022077,0.00013938289778241554,0.00015264202660489554,0.0001379016822779544
15.643555,-24.627077,0.0012493896798148666,-0.0003216001411890027,-3.345831858799322e-05,0.0003221002465433481,0.0003527407966438182,0.00031867730236099774
15.643555,-23.218393,0.0007476913921201258,0.00018036693283148838,-6.131676777352239e-05,0.00011159290972589584,0.00012220845000559256,0.00011040701711860508
15.643555,-21.809709,0.0008722530983390954,-0.0004100352083806151,9.972682088793762e-05,0.00017202639929818762,0.00018839081864498576,0.0001701982828367446
15.643555,-20.401025,0.0008577326805256366,0.00015955470534741184,2.8699092435912854e-05,0.00025329988962935,0.0002773956425565991,0.0002506080836058682
15.643555,-18.992595,0.0006666162455800571,-0.00017561281260900505,0.00019392942246219047,0.00016948915866760777,0.00018561221698064052,0.00016768800534361694
15.643555,-17.583911,0.000492207455804722,-0.00035186157077752824,0.000253919996931632,9.172952306831592e-05,0.00010045551156852108,9.07547177373647e-05
15.643555,-16.175228,0.00023423828626355374,-1.4102016063951135e-05,1.4402530379680496e-05,0.00022846252351213395,0.0002501955630630687,0.00022603466301045262
15.643555,-14.766544,0.00016114328117262567,0.0001967940379804731,-0.0002384834415176481,0.00020781730625741445,0.00022758642053889095,0.00020560884150967867
15.643555,-13.358114,1.7235979606824e-06,0.00026946110384580395,0.0001084035279151031,0.00018249363334049882,0.00019985377315813013,0.0001805542820748163
15.643555,-11.94943,-5.200646835468468e-05,6.702326351133315e-05,0.0001392840769027823,0.00016111177242294326,0.0001764379119945564,0.00015939964518842437
15.643555,-10.540746,-0.00026480945685722584,0.00019068571921915532,-6.86966886316677e-05,7.334080704251307e-05,8.031752530543442e-05,7.256141773252647e-05
15.643555,-9.1320618,-0.00043025460931023766,0.0007389537159576541,-0.00023881975357653175,0.0002887144522066769,0.00031617909941708853,0.00028564629729050566
15.643555,-7.7236318,-0.0002950729092487205,3.8078410191001313e-05,-9.905555556111414e-05,7.1071225229532e-05,7.783204413826013e-05,7.031595465889796e-05
15.643555,-6.3149478,-0.0004134069414717989,0.0004458077739636807,-0.00013702327770447357,0.00021810116201088334,0.00023884855246817004,0.0002157834112116996
15.643555,-4.9062639,-8.131482752555709e-05,2.2920271431110008e-05,0.0001861920609834854,0.00010562184565077557,0.00011566937429447907,0.00010449940726037559
15.643555,-3.4975799,-0.00019999283862032446,0.00014664778241864828,9.583207732799035e-05,7.816275493270188e-05,8.559817242824261e-05,7.733212300917211e-05
15.643555,-2.08915,-5.7299851727618455e-05,8.427980104059317e-05,0.00022402946424013087,7.602639985077275e-05,8.325859150083724e-05,7.521847087222954e-05
15.643555,-0.68046602,-4.427692291755585e-05,0.00024600651411300407,0.00015952892792143764,9.408452860584936e-05,0.00010303454259486309,9.308469674166932e-05
15.643555,0.72821793,5.539348824564494e-05,9.362756384882167e-05,4.5541467902083754e-05,0.0001524951137528531,0.00016700157322647636,0.00015087455534511002
15.643555,2.1369019,8.392680510159966e-05,-0.00019254689958231671,0.00010861585347994823,6.796967349339547e-05,7.443544993497586e-05,6.724736296713033e-05
15.643555,3.5453318,0.0001345271656156227,-2.5409331364680304e-05,0.00010903151233430472,6.984145120880415e-05,7.648528494614038e-05,6.909924938877998e-05
15.643555,4.9540158,0.00031664528293619005,-0.00021190846369004883,0.00013887592212977616,0.00011569474162887876,0.00012670047839910195,0.00011446525904642836
15.643555,6.3626998,0.00022504870552875978,0.0004532216621878641,-0.00013214975010934223,0.0002293294917790213,0.0002511450037423768,0.00022689241804634176
15.643555,7.7713837,0.0005903398804713113,0.00030649626654143775,0.0007602757022025975,0.0003791398679649646,0.0004152064473726557,0.00037511076640427615
15.643555,9.1798137,0.0008492201864169032,-0.0002929349087756036,0.00011289417397556797,0.00022021944604322892,0.00024116834329471288,0.00021787918433938025
15.643555,10.588498,-0.0008451971520628201,-0.002459998808200437,0.0017269354632320035,0.0014381734598596912,0.0015749831221136242,0.0014228900580658366
13.579754,-30.261559,-0.0003622657614248391,0.0004556553529546436,0.0011766139900102,0.0006305722306901114,0.0006905569101005337,0.0006238711692305071
13.579754,-28.852875,0.0014789000140660751,0.001251923387358521,0.0009495364137716655,0.001292201627417045,0.001415125372807553,0.001278469461444097
13.579754,-27.444191,0.0005327680480258398,2.306707611612389e-06,9.912595524892774e-05,0.0003334427964207438,0.0003651623334872962,0.0003298993154930708
13.579754,-26.035507,0.0009113725072087538,-0.00033982151439923965,0.00015398632742585826,0.00016823274043496257,0.0001842362789827865,0.000166444939007673
13.579754,-24.627077,0.0008128016144772236,4.244953242242611e-06,-0.00022584591629221963,0.00047149565220067476,0.0005163477946853194,0.00046648509006230645
13.579754,-23.218393,0.0007837466893769523,0.0007225116851574115,-0.00014603024281209734,0.0002354710914860876,0.00025787083769306096,0.0002329687512615204
13.579754,-21.809709,0.0007035016097840394,-0.0007288240653073653,1.0223358860377597e-05,0.0003402856874857937,0.0003726561707996439,0.00033666948747458506
13.579754,-20.401025,0.000873926462944496,-2.5653259270438045e-05,-0.0003376382307987079,0.0003094579775577395,0.00033889590182784057,0.000306169382172495
13.579754,-18.992595,0.00056023629759102,-0.00026206757497141016,0.00010223391245891509,0.00029508858649569526,0.00032315958835169034,0.00029195269395375595
13.579754,-17.583911,0.0008974114526223451,-9.238116913856011e-05,-0.00029291864552825366,0.00014305517604759908,0.0001566636390521619,0.0001415349354148183
13.579754,-16.175228,0.0003409198049294722,-7.778957430532722e-05,-1.2653151560484809e-06,6.231029311526e-05,6.823770757210211e-05,6.164812455834456e-05
13.579754,-14.766544,2.141843061024278e-05,-0.0002874834274454232,0.00017914445283718374,0.00018126244731546848,0.00019850546764150427,0.00017933617980592923
13.579754,-13.358114,0.00010331380555271841,-0.0002665145599684962,-5.4527148254476114e-05,9.872215456167349e-05,0.0001081133337219153,9.76730388643667e-05
13.579754,-11.94943,2.7160381528820084e-05,0.00033936106957350846,-0.0003179500178893133,0.00024254220115881353,0.00026561460344944954,0.0002399647165857893
13.579754,-10.540746,-4.3739829182422806e-05,0.00018483701288829086,-4.856736787102171e-05,0.00010323936142765486,0.00011306025060745627,0.00010214224158521873
13.579754,-9.1320618,-0.00017980112573815003,0.00011829064255647337,4.256333445847819e-05,3.7564967646048366e-05,4.113842431210967e-05,3.716576650014791e-05
13.579754,-7.7236318,-0.00014942189722806363,0.00044559787880403003,-0.00023086017735614832,0.00019917572536879785,0.00021812278876648337,0.00019705909429538115
13.579754,-6.3149478,-0.00022942531588151632,-0.00035040645765993446,-1.3394906332749308e-05,0.0001781203153628891,0.00019506443293227507,0.00017622743914219572
13.579754,-4.9062639,-7.44120815642203e-05,9.318970041592044e-05,6.915882809865183e-05,5.749579442484879e-05,6.296521827191007e-05,5.6884789319355766e-05
13.579754,-3.4975799,0.000256060207077218,0.00018246220517274437,0.00014774137677745297,0.00024297691165392227,0.0002660906668106824,0.00024039480743186795
13.579754,-2.08915,5.685875113420444e-05,-0.00013700915979763533,3.982124627992354e-05,8.518585658010468e-05,9.328936328139258e-05,8.428059048525679e-05
13.579754,-0.68046602,4.413500210594679e-06,-0.0003560313139439739,0.0003538638686904658,0.0001728220878423685,0.00018926219894934207,0.00017098551563609824
13.579754,0.72821793,0.00018017783231981518,-1.5753996423218505e-05,-4.1880374228356534e-05,5.0299922154170116e-05,5.508482158015424e-05,4.976538724519756e-05
13.579754,2.1369019,1.71969713414472e-06,0.00031131686128689013,0.00014776362139272571,0.00019862377647459937,0.00021751833442475895,0.00019651301093578648
13.579754,3.5453318,0.00031656123052461213,-6.626273104194894e-05,5.675806695942648e-05,9.728478304369076e-05,0.00010653922882829985,9.625094222597303e-05
13.579754,4.9540158,1.97208129591443e-05,0.0008025774670465483,0.0001854041424825749,0.00022753680807352728,0.0002491817867476087,0.0002251187851068925
13.579754,6.3626998,0.00035475664090875577,-0.00034276472963164694,0.0001779447476421647,5.754443376587047e-05,6.301848454571772e-05,5.693291177235282e-05
13.579754,7.7713837,0.00043935568395862986,0.00023975701707085062,-3.2212519543418214e-06,0.00015540084694897456,0.0001701837211858679,0.0001537494094508476
13.579754,9.1798137,0.0005580109889669647,-0.0003153975117960852,0.00023494469488584253,9.99957344002409e-05,0.00010950806586351422,9.8933084429387e-05
13.579754,10.588498,-0.000823894639172424,-0.0011974337400274967,0.00021483063710775696,0.0009908250059613229,0.0010850795852711357,0.0009802955551828753
11.515953,-30.261559,0.00030510332285360364,-0.0004966914755734471,-0.0011882626612014565,0.0005296450619821909,0.0005800288050275818,0.000524016548795528
11.515953,-28.852875,0.00022882013235785815,0.00019611534526089533,-0.00034639818766562586,0.0006509772129830433,0.0007129029647389638,0.0006440593087330938
11.515953,-27.444191,0.0014169401629633993,0.00013269335921525408,-0.00031215680520750274,0.00047570525361882943,0.0005209578444265974,0.0004706499562395067
11.515953,-26.035507,0.00032073829499657696,0.00010312867619191016,-0.000173959439603138,0.00022062200951143978,0.0002416092015674894,0.00021827746978415885
11.515953,-24.627077,0.0006455709077554088,3.263852161870118e-05,0.00024162417787010974,0.00027897207289089086,0.00030550995315476164,0.00027600744978196486
11.515953,-23.218393,0.000643422451636126,5.8517811984618766e-05,0.00029629914992239316,0.00022115755183347167,0.00024219568862300875,0.00021880732092302243
11.515953,-21.809709,0.0007601775093230433,-0.000291805245506762,-0.000151868741066143,0.00014661477303644553,0.000160561851149094,0.00014505670473330843
11.515953,-20.401025,0.0007029772819123132,-4.6004473010401174e-05,0.00011565715953024045,0.00017963025354945225,0.0001967180075716958,0.00017772133128631467
11.515953,-18.992595,0.0009384859990645335,-0.0002633555015807898,-2.5145063578546193e-05,9.324042924412943e-05,0.0001021101462787615,9.224956758424802e-05
11.515953,-17.583911,0.0007116495383764558,-0.00019772777653666502,-0.00014544543308046536,8.176307808902743e-05,8.954098486618421e-05,8.089418570048353e-05
11.515953,-16.175228,0.0004589755358931591,-7.543420932569484e-05,-3.8693100501880544e-05,6.447893639971206e-05,7.06126481938796e-05,6.379372177253968e-05
11.515953,-14.766544,6.850648285195021e-05,0.00021617906904707323,0.0001317550982728874,0.00013558971793701136,0.00014848801152775619,0.00013414881237624592
11.515953,-13.358114,4.201570608385726e-05,0.00023395299119629597,0.00010086604481822996,0.00018223494998003182,0.00019957048192954473,0.00018029834773026433
11.515953,-11.94943,-0.00015150971187218317,7.045814221458216e-08,2.600217293360181e-05,7.183746667036809e-05,7.867117611386404e-05,7.107405328786223e-05
11.515953,-10.540746,-9.64890405671886e-05,0.00085904199340409,-0.00025914908111295427,0.00021746593405605073,0.00023815289694727995,0.0002151549337939498
11.515953,-9.1320618,-0.0001779093233396885,0.000531785812993898,-0.0003040958101259566,0.00020241295955739552,0.00022166797253829885,0.00020026192654855476
11.515953,-7.7236318,-6.208568129910514e-05,0.0001989514054406152,-0.00019496058499116815,0.00016168727415491154,0.0001770681596939226,0.00015996903109061659
11.515953,-6.3149478,-0.00024846190807841493,0.00020418918151301698,-0.00015674770470939722,0.0001142598037826138,0.0001251290386860948,0.00011304557021704243
11.515953,-4.9062639,-5.482687256840498e-05,-3.707713434112132e-05,0.0002773668982152973,0.00013771380755974176,0.00015081416021491293,0.00013625032939842025
11.515953,-3.4975799,-6.266920584181737e-05,0.0002597923629653681,-0.00010613104242618151,0.00012744902014384085,0.000139572910543875,0.00012609462539584892
11.515953,-2.08915,2.9302175660393676e-05,0.00026018054106586225,-0.00010835678027222065,0.00016091893322292523,0.00017622672850843557,0.000159208855281812
11.515953,-0.68046602,0.0002730835761525073,0.0003020319672480299,-0.00024409988666963662,0.0001638510595328711,0.0001794377802897233,0.00016210982202319703
11.515953,0.72821793,0.0001885975941319473,0.0004887809346596832,-0.00012855329289340037,0.000317550890196882,0.0003477586719798319,0.0003141762918087406
11.515953,2.1369019,0.0003223930138473854,0.00021532367264151512,-0.00030840195190195876,0.00023754505251615907,0.0002601420891859617,0.00023502067240578007
11.515953,3.5453318,0.0001730795363813461,-3.1934149997501113e-06,9.889877238255796e-05,5.7589678783462774e-05,6.306803360290044e-05,5.6977675973284834e-05
11.515953,4.9540158,0.00031200040694630504,0.00046824483849524636,-0.0001039939302016647,0.0002916606780194078,0.0003194055919486487,0.0002885612137011379
11.515953,6.3626998,0.0003919193982994689,-0.0003107888257378647,0.00012812976324613323,5.7765264725327366e-05,6.326032257401265e-05,5.715139597152865e-05
11.515953,7.7713837,0.00047373995406990504,0.00014498747233869416,0.00010666395483973078,0.00010697406698946509,0.00011715022889601178,0.000105837258606512
11.515953,9.1798137,0.0004028904481813292,-9.895427099739702e-06,0.00011064452285712695,0.0001090759026281032,0.000119452006636271,0.00010791675813658426
11.515953,10.588498,-0.0016948695050004604,-0.00041585679151050453,-0.0008646471994460973,0.0014494695309232657,0.0015873537587693038,0.0014340660863337404
9.4521525,-30.261559,0.00023769954197585953,-1.630325057258152e-05,0.0005878768282045761,0.00033105470958480547,0.0003625470742251869,0.00032753660674407465
9.4521525,-28.852875,0.0009574103407529555,0.000375585389087527,-0.0012700317118603365,0.00034972634110617306,0.0003829948889926597,0.00034600981571563896
9.4521525,-27.444191,0.00014728213404728558,-0.00032610077532113397,0.00042470275847053047,0.0004136150884174555,0.00045296120496172054,0.00040921962031223094
9.4521525,-26.035507,0.0007509573367704671,-0.0005197362036384844,3.929917207378147e-05,0.00024059357070179945,0.0002634806048982607,0.0002380367941327316
9.4521525,-24.627077,0.0008528469544430101,-0.0004108443301934124,3.3944359498507344e-05,0.00015629800902708344,0.00017116622793574062,0.00015463703743030262
9.4521525,-23.218393,0.0008463019394742217,3.2187290782762264e-05,-0.0001893772367310557,0.0001317502851916582,0.00014428334363387536,0.00013035018110251186
9.4521525,-21.809709,0.0009500136080824998,0.00028777995763553326,-0.00024731963901249127,0.00023905785059952643,0.0002617987957763001,0.00023651739405468152
9.4521525,-20.401025,0.0006764940833625869,-1.8225757719575193e-05,4.31680904279546e-05,0.00021780182594241987,0.00023852074134587584,0.00021548725617245415
9.4521525,-18.992595,0.0007937969645989712,-0.0001616072166663183,5.050640366083064e-05,0.00016986541404748515,0.00018602426454559086,0.00016806026227533582
9.4521525,-17.583911,0.0005276325054968169,0.0001121579250752246,5.556100613356158e-07,8.402917177669677e-05,9.202264609174069e-05,8.313619771684456e-05
9.4521525,-16.175228,0.00041133274618965183,-0.0001397349190808647,-6.709086650390045e-05,7.056807364611906e-05,7.728102906663067e-05,6.981815004366335e-05
9.4521525,-14.766544,0.00030132538062062857,-0.00016088527259588948,-0.00023626417308289963,0.0001328669883547426,0.0001455062758343403,0.0001314550171133822
9.4521525,-13.358114,0.00021052166178719704,0.00019580747345938416,-7.946586771932627e-05,7.968177359203068e-05,8.726169134112427e-05,7.883499912852613e-05
9.4521525,-11.94943,8.338539265474332e-05,0.00023501075744908608,-2.9910966792376682e-05,7.775493112774721e-05,8.515155341633328e-05,7.692863312846881e-05
9.4521525,-10.540746,-2.140699835680185e-05,0.00023068476749465042,7.614498910639804e-05,6.722368818694946e-05,7.36185010065927e-05,6.650930521152043e-05
9.4521525,-9.1320618,-2.4115647071298502e-05,2.1728085244700333e-05,8.28207882565275e-05,6.495778688700125e-05,7.113705046985622e-05,6.426748353823944e-05
9.4521525,-7.7236318,6.483094638877632e-05,0.00016429144852662405,0.0002806476396281195,0.0002541630135926862,0.00027834087323547435,0.0002514620351912675
9.4521525,-6.3149478,-0.00023663850110435726,0.00026612084505133897,0.00016868688705057243,0.00019891379779036984,0.0002178359447057498,0.0001967999502089855
9.4521525,-4.9062639,-2.6528203473355248e-05,0.0002625949425823441,-0.0001260941096371406,9.456732116909278e-05,0.00010356326194608967,9.356235869099463e-05
9.4521525,-3.4975799,-7.048681420089249e-05,-6.405519340028583e-05,0.00016567732813397757,9.012125196439194e-05,9.869424986031865e-05,8.916353765486483e-05
9.4521525,-2.08915,-4.488956925740411e-05,7.020769043316865e-05,-5.8968494255022504e-05,5.834115799927542e-05,6.38909990619454e-05,5.7721169254811025e-05
9.4521525,-0.68046602,5.019141095320515e-05,0.00019635756389011503,9.984924198182601e-05,8.60325096815521e-05,9.421655626769534e-05,8.511824624405028e-05
9.4521525,0.72821793,1.757157956891215e-05,-3.517832784973698e-05,0.00015327646234366865,8.009236449275125e-05,8.771134067545036e-05,7.924122669898383e-05
9.4521525,2.1369019,0.00025154945271035683,6.074127342474459e-05,9.989574015408581e-05,8.520448229957371e-05,9.330976081664484e-05,8.429901827016002e-05
9.4521525,3.5453318,0.00016908688558282762,-0.0002927123423182471,0.00017773870190189548,0.00012872545714515642,0.00014097077164326103,0.0001273574977612899
9.4521525,4.9540158,0.00032951997805356426,-0.00011181007312836528,0.00019752250942992508,5.9723911432694254e-05,6.540529019617845e-05,5.908922823237243e-05
9.4521525,6.3626998,0.0001704729581461741,0.0001945956209908091,0.00020342947278113117,0.00021146801586192717,0.00023158441255492353,0.0002092207551946575
9.4521525,7.7713837,0.0005190489186641529,4.7069999323653185e-05,0.0002644942013260327,0.00012306041239799382,0.00013476682607457978,0.00012175265517818877
9.4521525,9.1798137,0.0006227388652376932,-0.0002717643187586841,0.00019611252428194598,9.42258509401274e-05,0.00010318930855132905,9.322451725029461e-05
9.4521525,10.588498,-4.379787863166899e-05,-0.0010034700207496646,0.0006510418927698419,0.0007834883455187801,0.0008580195331338033,0.0007751622516932192
7.3883518,-30.261559,-0.0004506866580908599,0.0030981814893774355,0.0004111627947639549,0.0010972311805192592,0.001201607899624969,0.0010855709563339215
7.3883518,-28.852875,0.0001531890168903474,0.0001456424450324858,0.00023280696178406025,0.0005991778436540036,0.0006561760575130447,0.0005928104088645606
7.3883518,-27.444191,0.0007508975722419647,-0.0004193215546475234,0.000306359999001168,0.00019899607653351868,0.000217926050411227,0.00019688135457991205
7.3883518,-26.035507,0.0007533072591657295,-0.00011764455023902238,3.038504256224556e-05,8.486999913219818e-05,9.294345914415043e-05,8.396808963956237e-05
7.3883518,-24.627077,0.0008293042786478389,-0.0008137672746079427,0.0002943997065800673,0.00022201708767164013,0.00024313698984682728,0.0002196577225139637
7.3883518,-23.218393,0.0010608457578779817,-0.0003015547574768699,0.0001279508724770614,8.389089604466647e-05,9.187121655272614e-05,8.299939143446074e-05
7.3883518,-21.809709,0.0007199891394731587,0.0002170161137009073,-0.00024282886299687353,0.00018811081335384287,0.0002060053007458814,0.00018611176857979256
7.3883518,-20.401025,0.0009436626232774138,-6.0459574811210964e-05,0.0003458900434655136,0.00027099239544340633,0.00029677118995969097,0.0002681125719922443
7.3883518,-18.992595,0.0007623480016984493,-0.00025859646418606544,2.1652186528725027e-06,8.085344471983068e-05,8.854482046443364e-05,7.999421896200763e-05
7.3883518,-17.583911,0.000882714402954403,-0.00025242534812794837,4.9110431695770455e-05,7.653297790352058e-05,8.381335899280471e-05,7.571966554384971e-05
7.3883518,-16.175228,0.0005180503625983582,2.4901761709425333e-05,3.1312108101683706e-05,0.00013287833758828676,0.0001455187046908011,0.00013146624573896155
7.3883518,-14.766544,0.00020871808608841603,0.0002250083783460071,-6.837530405526241e-05,0.00013935270889594724,0.00015260896592860252,0.0001378718142070043
7.3883518,-13.358114,0.00021824297146065538,0.0008263668140381154,-0.0005776141870402892,0.00034087328451656173,0.00037329966439165145,0.0003372508401405909
7.3883518,-11.94943,0.00020110268380994211,0.0005479738251895403,-0.0003071429540172918,0.00019302765882712523,0.00021138987280938635,0.00019097636296733605
7.3883518,-10.540746,-3.117777021456938e-05,0.0002718742840836326,-4.785671620317811e-05,8.677075087409882e-05,9.502502440491616e-05,8.58486421820888e-05
7.3883518,-9.1320618,9.150592293955781e-05,0.0003632334836792192,-0.00031510824826632696,0.0001600312282770572,0.00017525457852325929,0.00015833058393426532
7.3883518,-7.7236318,-5.137320643623161e-06,0.0002034087413739751,-3.131808160253798e-05,7.089923882336808e-05,7.764369711708063e-05,7.014579594404609e-05
7.3883518,-6.3149478,-0.00018313225630686895,5.7976937170105465e-05,4.025969556815831e-05,9.857109502588441e-05,0.00010794790428939247,9.752358463128691e-05
7.3883518,-4.9062639,-1.2687309800042135e-06,-1.8850868772701176e-05,4.602567953208841e-06,8.685123385636124e-05,9.511316352195812e-05,8.592826987556087e-05
7.3883518,-3.4975799,2.2148300931772193e-05,0.00010808146106575812,5.457302031543771e-05,7.685387550364139e-05,8.416478273827947e-05,7.60371529801738e-05
7.3883518,-2.08915,7.02469618978295e-05,-0.0001000937075972056,-0.00010155898827648377,9.674506940331549e-05,0.00010594817364740858,9.571696409711386e-05
7.3883518,-0.68046602,-7.558811224369726e-05,3.9010140007433165e-05,0.00030845322196334157,0.00029489318175991155,0.00032294559527676505,0.000291759365775323
7.3883518,0.72821793,0.0001254768328978992,-1.1165673995594918e-06,5.655825823191802e-05,5.975328399844922e-05,6.543745689698705e-05,5.9118288657340176e-05
7.3883518,2.1369019,0.00018902827947408577,-1.877758715122512e-05,-0.00013504266543044516,6.273375347766826e-05,6.870145060613653e-05,6.206708482744765e-05
7.3883518,3.5453318,0.00019947764362390592,6.997060069746929e-05,-0.00013650540423026957,0.0001115785440212634,0.00012219271772910556,0.00011039280407731697
7.3883518,4.9540158,0.0002770678564970947,0.0001619730798607026,-0.0001510312565656789,0.00013467533629944517,0.00014748664716764532,0.00013324414782950702
7.3883518,6.3626998,0.00036575907258888803,-0.00020351202918614253,-1.2236650639430316e-05,9.294004276304562e-05,0.0001017811848208944,9.195237329613489e-05
7.3883518,7.7713837,0.00048785894677045357,-0.0002898440643076291,0.00015214375332353594,7.146762880573862e-05,7.826615654482082e-05,7.070814567276575e-05
7.3883518,9.1798137,0.0005690142459409419,-0.0003355627947978358,6.199604185573797e-05,9.469448509559321e-05,0.00010370252264225119,9.368817125215345e-05
7.3883518,10.588498,-5.450070956204611e-05,-0.00036342087715146565,0.00021807542657391167,0.0002609463827761565,0.00028576952650591694,0.00025817331782951764
5.324551,-30.261559,0.0004214754492920547,0.0007023341501416371,-0.0001824502499162879,0.0007609364820211616,0.0008333223701150187,0.0007528500457905157
5.324551,-28.852875,0.00015708052751600682,0.0004394189566807097,-6.238325677002434e-05,0.0002480298609877377,0.00027162428993808107,0.00024539405931034317
5.324551,-27.444191,0.0005145204925182407,0.0003365513608835457,-6.922658495159108e-05,0.0002505569615538971,0.0002743917869407268,0.00024789430449799666
5.324551,-26.035507,0.0008046937117211499,1.9715531348629782e-05,0.0001431072105711126,0.00022079849340006264,0.00024180247390432743,0.00021845207818565492
5.324551,-24.627077,0.0008546383385808761,-5.6270590517605567e-05,-0.0002004836007086474,6.756135680420932e-05,7.398829115220167e-05,6.684338544025604e-05
5.324551,-23.218393,0.0007918631914705677,0.0001312676316847191,7.465613113536676e-05,0.00017176547921330304,0.00018810507791852405,0.00016994013553717734
5.324551,-21.809709,0.0007939989754102824,-0.00010471008023826683,-9.98407827154358e-05,0.00014084209019776803,0.0001542400281603294,0.00013934536792359578
5.324551,-20.401025,0.0008151238435378267,-0.00011030718135311574,0.00011773303563368972,0.00029914489985448606,0.0003276017681416926,0.0002959659010614976
5.324551,-18.992595,0.0008157948728571227,0.00021573013431635065,-0.0003312183777538888,0.0001955274290042237,0.00021412743955503825,0.00019344956820413503
5.324551,-17.583911,0.0006715920338462033,0.0006008633747599125,-0.00022454318098105751,0.0002100146518933011,0.00022999279389012653,0.00020778283605532618
5.324551,-16.175228,0.00040642344785900915,-8.371333520641897e-05,6.890363949939486e-05,6.404182809106609e-05,7.013395892049206e-05,6.336125859350972e-05
5.324551,-14.766544,0.00017007103262766835,-4.613957151450132e-05,-1.401076935988128e-05,0.00010919823435609893,0.00011958597545998746,0.00010803778985109923
5.324551,-13.358114,0.00023221108307303992,5.815159668149812e-06,-2.375882194734112e-05,4.079097215863919e-05,4.467131015734973e-05,4.0357488414371664e-05
5.324551,-11.94943,9.12766884075167e-05,-4.675166689072033e-05,-4.713186068794919e-05,7.123852690496005e-05,7.801526078235283e-05,7.04814784272262e-05
5.324551,-10.540746,1.6506284881954e-05,0.0007479442771000697,-0.00014580434175667502,0.0002080652030168279,0.00022785789906475714,0.00020585410388216277
5.324551,-9.1320618,-0.00011144879470353038,-0.00020711256996176877,5.861283285722564e-05,0.00019619595625807083,0.00021485956205030343,0.00019411099105046654
5.324551,-7.7236318,3.2501326017402696e-05,1.522112705926149e-05,5.686522437907218e-05,7.187268829814602e-05,7.870974828256104e-05,7.110890061704909e-05
5.324551,-6.3149478,-1.972030765049782e-05,0.0001348764951612361,0.00016178558392708175,0.0001008874358953553,0.00011048459257916442,9.981530985491438e-05
5.324551,-4.9062639,-7.329865856585509e-05,7.929408586774254e-05,0.00012293637482547416,0.00012392980218673693,0.00013571891862958828,0.0001226128060027343
5.324551,-3.4975799,-9.34881017696498e-07,0.0001944654818973073,0.0001524415874616138,0.00011020099365875084,0.0001206841246203006,0.00010902989287773724
5.324551,-2.08915,-8.815747564097271e-05,9.227548685567087e-05,0.00010393279588662284,5.558547240743115e-05,6.087317234060596e-05,5.499476820424131e-05
5.324551,-0.68046602,0.0001382339273035902,0.00045286906039765205,-2.8236696789569388e-05,0.0002099701811717046,0.00022994409278706435,0.00020773883792327052
5.324551,0.72821793,0.0001272308669774928,3.069593282798131e-05,-3.829980602249437e-05,9.037349839834187e-05,9.897049183473303e-05,8.941310347777212e-05
5.324551,2.1369019,0.00017066603384503274,-0.00019394434390739227,9.814702247635566e-05,7.54357156232594e-05,8.261171703486123e-05,7.463406381817938e-05
5.324551,3.5453318,9.719838977273965e-05,-0.00011463114651951314,5.9907977817042153e-05,0.00013368710616037702,0.0001464044092917717,0.00013226641956554157
5.324551,4.9540158,0.0002054337307614108,-3.294314667871592e-05,9.458651701509678e-05,0.00016077707691891836,0.00017607137778648894,0.00015906850647766783
5.324551,6.3626998,0.00032505577551992815,-0.0003335089705497819,0.00016932337610719303,8.277205383255686e-05,9.064594182109832e-05,8.189243910613697e-05
5.324551,7.7713837,0.0005939523282319776,-0.00014260589781328871,0.00012139621941033216,6.526654867686628e-05,7.147518395757219e-05,6.45729641311962e-05
5.324551,9.1798137,0.0005896644597549386,-0.0002152263116380903,0.00015525893338764714,7.766681667598295e-05,8.505505686801264e-05,7.684145506490207e-05
5.324551,10.588498,-0.0006867610906333826,-0.0023531331447571016,0.0017340187575840883,0.001321098786973966,0.0014467714432475306,0.0013070595322393693
3.2607503,-30.261559,1.674225319489558e-05,-0.002384729515180981,0.0023617861096396344,0.001926513452388554,0.002109777614948641,0.0019060404844328603
3.2607503,-28.852875,0.0003233496286469468,-0.0034421633329228267,0.002240319653721999,0.0014666092260332139,0.0016061239080323408,0.0014510236386912373
3.2607503,-27.444191,0.00027235819792624153,-0.002914976163655842,0.002610347461477326,0.0016044430734095153,0.0017570695270834982,0.0015873927322494594
3.2607503,-26.035507,0.000241110977826925,-0.002510552448729987,0.0020497572982589936,0.001257487751097757,0.0013771092566728627,0.0012441244878819366
3.2607503,-24.627077,0.0006585435054948794,-0.0028991945002605343,0.0019692287870806116,0.0017502684081265592,0.0019167668427334543,0.0017316683880059377
3.2607503,-23.218393,0.0003690839919275865,-0.003318948772325869,0.0025964514040359462,0.0015664971329763498,0.0017155138891264195,0.001549850041567851
3.2607503,-21.809709,0.0001284446110943514,-0.0025365569929261342,0.0020176923871265315,0.0012647203926183326,0.0013850299203632974,0.0012512802684290062
3.2607503,-20.401025,0.0003331506819492299,-0.0026290119766486475,0.0024383710167550548,0.0013571104883523509,0.0014862088431894759,0.0013426885389793836
3.2607503,-18.992595,-4.0006434959872606e-05,-0.002848088885608203,0.002683543591496666,0.001449997392458516,0.0015879318343581213,0.0014345883382978898
3.2607503,-17.583911,-3.0488104467006206e-05,-0.0031276210695282197,0.0024149443024026503,0.0013450601010601031,0.0014730121341750902,0.001330766210548242
3.2607503,-16.175228,8.101652184432917e-05,-0.001938145877612511,0.001863219147938737,0.0011086594024767638,0.001214123258309458,0.0010968777311075766
3.2607503,-14.766544,-0.00023762285536016475,-0.002249974520467933,0.002134662409506627,0.0011999612454420866,0.001314110405705675,0.0011872093136914056
3.2607503,-13.358114,-0.0003109293957011935,-0.0019478200775577958,0.0018172846227027975,0.0010304841679267826,0.0011285114191010336,0.0010195332610839984
3.2607503,-11.94943,-0.0002216028908326276,-0.0019246656645484795,0.001727164133146582,0.0010538235447152648,0.0011540710094922477,0.0010426246114304762
3.2607503,-10.540746,-0.00046027821962293285,-0.002862497130857127,0.002757682078913528,0.0015913969606612492,0.0017427823720057248,0.0015744852599599603
3.2607503,-9.1320618,-0.0005941946709630597,-0.00282022563808211,0.002828460974154737,0.0015537858789560824,0.0017015934468518745,0.0015372738694227955
3.2607503,-7.7236318,-0.000536747248026612,-0.0026851490446389106,0.0027754534161671678,0.0015806423058537867,0.0017310046551028192,0.0015638448943955747
3.2607503,-6.3149478,-0.0002821874592411586,-0.0023059559422019633,0.0020262655664185303,0.001186087584507337,0.0012989169798549864,0.0011734830874905867
3.2607503,-4.9062639,-0.0003950520589235637,-0.002699750740512969,0.002776276519904907,0.0016159022021434973,0.001769618732656116,0.0015987300853545809
3.2607503,-3.4975799,-0.0003028975045469413,-0.0026028975191110734,0.002315309443289833,0.0013931842217616234,0.0015257141760067349,0.001378378918491273
3.2607503,-2.08915,-0.00010987096080166435,-0.003056247685670809,0.002516340188727687,0.001603546324413657,0.0017560874727313637,0.001586505512927996
3.2607503,-0.68046602,-0.0003846057230630076,-0.0030585004929152672,0.0027554897034202737,0.0015691074104893542,0.0017183724754089816,0.0015524325797636658
3.2607503,0.72821793,-5.3223130114954206e-05,-0.0015027873880209728,0.0014119216515649372,0.0008558040550835438,0.0009372144461132409,0.0008467094656010614
3.2607503,2.1369019,-0.00011452331105529849,-0.002819227430050966,0.0022342499118623233,0.0013223293867084406,0.0014481191067000315,0.001308277054471599
3.2607503,3.5453318,0.00015983067928754076,0.00022990337764504498,9.570099513937577e-05,0.00015634618536592096,0.00017121898716350215,0.0001546847018013346
3.2607503,4.9540158,0.00026905546052717437,5.423633596292925e-05,0.00018869355515472685,0.00015837934712487306,0.0001734455582579108,0.00015669625724589828
3.2607503,6.3626998,0.0005114047523677158,-0.00022953346176873555,-0.00022509750436471712,0.00021578244182370726,0.0002363092585220216,0.00021348933195438662
3.2607503,7.7713837,0.0004732168488265391,0.0002335982777815909,0.0002166065338513129,0.0001416203476011563,0.00015509231914594368,0.00014011535482228842
3.2607503,9.1798137,0.00047800242407942777,0.00039626832290919897,-3.6714377145834475e-05,0.00021802599405208143,0.0002387662339781898,0.00021570904205880497
3.2607503,10.588498,-0.00025304593509942284,-0.0009347022845964466,0.0004374523394082403,0.0007247194372675472,0.0007936600930535621,0.0007170178778658343
1.1969496,-30.261559,0.00036778093994929413,-0.0005389034218877,-0.00025852740787948083,0.0006549796537999111,0.0007172861472330769,0.0006480192157989543
1.1969496,-28.852875,-0.00014187661615601047,0.0017332875849007082,0.0013964485744782384,0.0012290409068124266,0.001345956338839346,0.0012159799468506244
1.1969496,-27.444191,0.000527913963070089,0.00019466112462432448,-4.982760463001225e-05,0.0002145857368496941,0.00023499871414874474,0.00021230534430799526
1.1969496,-26.035507,0.0007563951172169624,0.0002120745612859942,5.150290384364871e-05,0.00022120725678592042,0.0002422501218778177,0.00021885649766374875
1.1969496,-24.627077,0.0008439710218722985,0.0002462052426600858,-0.00019438679527108093,0.00021498335578969084,0.00023543415753386228,0.00021269873777049
1.1969496,-23.218393,0.0010088299699230541,-0.00012603994059737328,1.4185860490676886e-05,0.0001084782446210382,0.00011879749499377812,0.00010732545141358454
1.1969496,-21.809709,0.000733367558211208,0.0007706980303343319,-0.00031783065603583076,0.0002501484558147648,0.0002739444211241552,0.0002474901399290432
1.1969496,-20.401025,0.0009121460272221084,0.00031800700635902575,-0.0005060385954728155,0.0002139193526138944,0.00023426893853199302,0.0002116460417069533
1.1969496,-18.992595,0.0007923200770061332,-0.0004897889620774097,0.00018006566245908187,0.00014075384974028668,0.00015414339361979152,0.0001392580651929665
1.1969496,-17.583911,0.00113116579249845,-0.000423508984303778,0.0003259275573054465,0.0004197207833827586,0.00045964771864124627,0.00041526043034046035
1.1969496,-16.175228,0.0007454174073964001,7.593351805901006e-05,0.00024071183879868365,0.00028787496751368384,0.0003152597567500446,0.0002848157337611355
1.1969496,-14.766544,0.00025250396635904596,-0.0001617535742135051,0.0001881814975480202,0.00014747199891995143,0.00016150062267825205,0.00014590482091718398
1.1969496,-13.358114,0.00016614997548338383,6.942303262645493e-05,2.056486127314409e-05,5.571535887034166e-05,6.101541456140975e-05,5.51232743698148e-05
1.1969496,-11.94943,-1.7590859786101763e-05,0.0004190592708987052,0.00020239949618657078,0.0002740815073310125,0.0003001541609439653,0.0002711688560328771
1.1969496,-10.540746,-0.00011626602686667635,0.000461696118996348,0.00010366637122104404,0.00020470223136948346,0.0002241750167619328,0.00020252687037622782
1.1969496,-9.1320618,6.460721587339219e-05,0.00010790553046445045,-0.00014241046928377494,0.00012091183984531728,0.00013241386546058255,0.0001196269154052156
1.1969496,-7.7236318,0.00021803564501067377,-4.641601978558866e-05,-7.783580085184909e-05,0.0003789384263475791,0.00041498584314537387,0.00037491146549770225
1.1969496,-6.3149478,9.765060025458328e-05,7.903077685282073e-05,1.9888204760671692e-07,7.074771997636147e-05,7.747776468034315e-05,6.99958872807699e-05
1.1969496,-4.9062639,2.941167896241744e-06,0.0005485072340708317,8.008126478746959e-05,0.00023529127768112,0.00025767391867294223,0.0002327908483303284
1.1969496,-3.4975799,-3.195790886190923e-06,-0.0004818883714019085,0.00032623957404541047,0.00017006129009231575,0.00018623877376357196,0.0001682540567537501
1.1969496,-2.08915,0.00046915224927287407,-0.00019167414685454512,-5.562992845117767e-05,0.00022559603030682153,0.00024705638789165695,0.00022319863189440881
1.1969496,-0.68046602,0.00034180165503860607,-0.00042744976934924305,-0.00021445023438913528,0.0002588289906664486,0.0002834507124467474,0.0002560784271452913
1.1969496,0.72821793,0.00016811619639678824,-0.00014768409800293512,-3.725603430801899e-05,9.246037664073129e-05,0.00010125588932077065,9.147780456317805e-05
1.1969496,2.1369019,4.898206722694815e-05,0.00011860241379821901,5.203469159725137e-05,9.910851107551237e-05,0.00010853644331554312,9.805528958563845e-05
1.1969496,3.5453318,0.00032564202125733407,4.4832493668931696e-05,-2.0654027197446402e-05,5.998249236060473e-05,6.568846924822647e-05,5.93450612329633e-05
1.1969496,4.9540158,0.00033615576126736255,-0.00020389883963425494,5.036583751303844e-05,6.599852717203457e-05,7.22767936434378e-05,6.529716392513092e-05
1.1969496,6.3626998,0.00026728074195274946,2.4100002016666073e-05,0.00021785991049506909,0.0002148914463866551,0.00023533350503082294,0.00021260780508438682
1.1969496,7.7713837,0.0004772866751733051,8.610281210947512e-05,0.00013200367379212195,0.00026354877331989104,0.000288619475622909,0.0002607480528908101
1.1969496,9.1798137,0.00043729530477296265,-5.2009433130062425e-05,7.884024232309801e-05,0.00015306331690872346,0.0001676238280552594,0.00015143672023265676
1.1969496,10.588498,-0.0019910545489177298,-0.0018238296975301611,0.0002755886092524122,0.0019504140146190435,0.0021359517748211383,0.001929687056478511
-0.86685117,-30.261559,-0.0005135915537793534,0.001497614450694329,0.00094134121843264,0.0006462304728322834,0.0007077046796653958,0.0006393630119618784
-0.86685117,-28.852875,0.0004665264171199414,0.0003825894946222464,-0.0002937135542193972,0.000279928799139877,0.000306557690259076,0.0002769540089461617
-0.86685117,-27.444191,0.0006618103105488609,0.00017817829102421135,-0.0002879295260605203,0.00017269605566026902,0.00018912417765809956,0.00017086082279283156
-0.86685117,-26.035507,0.0010607565071736932,0.0006457512059475043,-0.0004199820029929132,0.00030626695557987887,0.0003354013263119687,0.0003030122710326025
-0.86685117,-24.627077,0.0010035250280721088,-0.0003004896258569212,-3.397678662507666e-05,0.00018501674668744384,0.00020261690364735608,0.00018305058241421351
-0.86685117,-23.218393,0.0008089406266385894,-1.789632656735075e-05,-0.000306348554112999,0.00016745383341266334,0.00018338327658181479,0.000165674309393749
-0.86685117,-21.809709,0.0006563030309024919,0.00017662211479384877,-0.00029292265747180414,0.00015615317943475616,0.0001710076210846149,0.0001544937469351961
-0.86685117,-20.401025,0.0006428689663472524,0.0001703160124924382,-0.000306634700972945,0.0001900913205776675,0.00020817420841875436,0.00018807122904703014
-0.86685117,-18.992595,0.0009125757756725224,-1.7580386562543302e-05,-0.00028516272066501875,0.00019349537493345588,0.0002119020815205519,0.00019143910867681495
-0.86685117,-17.583911,0.0008075910455793781,0.00023164642548030822,-0.00047129799779965217,0.00023991642348453166,0.00026273904244399976,0.0002373668429265721
-0.86685117,-16.175228,0.0008524730451092529,6.649479469795506e-05,-2.2640770535742203e-05,0.0003155990620731585,0.0003456211715762587,0.00031224520567075924
-0.86685117,-14.766544,0.0008240004289053974,0.00043669443365462014,-0.0003026413394200792,0.0003502937597084029,0.00038361628463267364,0.0003465712043845504
-0.86685117,-13.358114,0.0006564241745909788,-0.00010029618346612953,-6.488957390752675e-05,0.00024382290997620445,0.00026701714273055674,0.00024123181536948648
-0.86685117,-11.94943,-0.00011721961257207103,0.00014590477826082057,0.00010158696169477572,8.741106744184836e-05,9.572625260543651e-05,8.648215413579038e-05
-0.86685117,-10.540746,-2.82702121438958e-05,4.621008857676046e-05,0.0001917119464920916,8.628383898035994e-05,9.449179386222742e-05,8.536690467816426e-05
-0.86685117,-9.1320618,7.509825951390749e-05,-4.0788977203330614e-05,0.00011900917062851617,0.00014072399120323666,0.0001541106947188801,0.00013922852396167012
-0.86685117,-7.7236318,4.930998710844853e-05,0.0003600692479478828,-0.000152504724186238,0.00017979252187459968,0.00019689571205609385,0.0001778818751932783
-0.86685117,-6.3149478,2.4753115661753265e-05,0.00013665238697000806,6.859458332035814e-05,8.303173267508816e-05,9.09303232295273e-05,8.214935835383885e-05
-0.86685117,-4.9062639,0.00016106880313737035,0.0004481307451162504,-0.00022499379935531124,0.0001664048417494532,0.00018223449709833673,0.00016463646531615853
-0.86685117,-3.4975799,0.00011618755695591576,2.3159742378046704e-05,-4.6729326517269134e-05,6.411249625327743e-05,7.02113495592022e-05,6.34311757684216e-05
-0.86685117,-2.08915,0.00011469931837200047,0.00032972874409303274,0.0002846961449238158,0.00016282295760538441,0.00017831187772733307,0.0001610926456862266
-0.86685117,-0.68046602,1.0331167843892959e-05,-6.347339105359443e-05,7.586956761968016e-05,6.35232103121324e-05,6.956600639488513e-05,6.284815214125805e-05
-0.86685117,0.72821793,0.00019442192020138033,-6.501589259275196e-05,-0.00021136970134754475,0.00010500145938027917,0.00011498997230833284,0.00010388561380577045
-0.86685117,2.1369019,0.0006126403957573039,-0.0001424545284609957,-0.00013718783035165737,0.0002910742251946577,0.000318763351408501,0.0002879809930822649
-0.86685117,3.5453318,0.0002723708960427245,-0.00019375800303099623,5.912046976272858e-05,6.991473126012786e-05,7.656553593628676e-05,6.917175069641877e-05
-0.86685117,4.9540158,0.0001892058408696499,-0.0002230148268518616,0.00014696642959563272,9.665311554990394e-05,0.00010584747246569206,9.562598743300196e-05
-0.86685117,6.3626998,0.000294143354350464,-3.687801407405046e-05,-7.844771378060658e-05,0.00017163691273958185,0.0001879642812536769,0.00016981293533343788
-0.86685117,7.7713837,0.0004065252982119252,9.414814640564738e-05,0.00017133260711816936,0.0001946455668843798,0.0002131616882096658,0.00019257707759252568
-0.86685117,9.1798137,0.00041554818778637945,-0.0002523974245825844,5.4489437422435614e-05,0.00011420044572335376,0.00012506403405085624,0.00011298684295319373
-0.86685117,10.588498,-0.00024537975689787624,-0.0006979314483461133,0.0004061562649015654,0.00041845861923406607,0.0004582654881340764,0.0004140116791498979
-2.9306519,-30.261559,-0.0004159572901954482,-0.00021151745813621992,0.0008324247837146701,0.00045870343743938965,0.0005023386901488222,0.0004538288175686137
-2.9306519,-28.852875,0.0001423808860748868,-0.0004314794822540833,-6.607899513121716e-05,0.0006030496187102972,0.0006604161443592111,0.0005966410387511474
-2.9306519,-27.444191,0.00019037220374651197,-0.0008115859154372816,-0.0005346591392733946,0.00041388922969608867,0.0004532614245778232,0.0004094908482994463
-2.9306519,-26.035507,0.0005978607614932741,-0.0003690217889320175,1.696021653193245e-05,0.0001593976747579005,0.0001745607567223895,0.00015770376315816465
-2.9306519,-24.627077,0.0007193469013787023,0.0001838845227039843,2.2157930758594256e-05,0.0001858449734071045,0.00020352391739993,0.00018387000760798216
-2.9306519,-23.218393,0.0006006933051116085,-0.00015381250439478914,-0.00013281456620044428,0.00028146301942850543,0.0003082378568923652,0.00027847192514847565
-2.9306519,-21.809709,0.0008559949398563092,-0.00017238454190725261,-1.144279098965411e-05,7.070200981512215e-05,7.742770623128334e-05,6.995066287902681e-05
-2.9306519,-20.401025,0.0009433345716101324,-0.00011821490000126221,6.362523719017885e-05,9.281944693001578e-05,0.00010164911702309887,9.183305902908364e-05
-2.9306519,-18.992595,0.0007535089282978292,0.0001482318641483238,-4.0224900509431644e-05,0.00023899600194488246,0.0002617310636201196,0.0002364562026627882
-2.9306519,-17.583911,0.0007085534022361153,-8.99201426415013e-05,4.0660810340043683e-05,0.0001673712577041754,0.00018329284566319279,0.00016559261121353348
-2.9306519,-16.175228,0.0003756287234748629,-1.3347498875312647e-05,3.3804213010410438e-06,9.887399458089948e-05,0.00010827961788292051,9.782326528670354e-05
-2.9306519,-14.766544,0.0003857620418598798,5.4420677283816715e-05,-3.971081701102217e-05,6.345977448613091e-05,6.949653608541319e-05,6.278539044471295e-05
-2.9306519,-13.358114,0.0002643218219121273,0.00029131826806393725,0.00018584542861382344,0.00018674336253152762,0.00020450776792050086,0.00018475884959333544
-2.9306519,-11.94943,0.0001971440030024828,0.0002216651701225372,-1.404896875891024e-05,0.00018441219509111992,0.00020195484264669232,0.00018245245535995923
-2.9306519,-10.540746,-6.295767941559385e-05,0.00017725769464616343,-6.834049881713895e-05,6.0579082996510696e-05,6.634181198377584e-05,5.993531192826712e-05
-2.9306519,-9.1320618,-9.4758126611304e-05,0.00014613618345811258,-5.0901197594201756e-05,7.247906763444142e-05,7.937381089186697e-05,7.170883598871022e-05
-2.9306519,-7.7236318,-1.4169909965680285e-05,0.000276781613642012,-4.06522097096525e-05,9.718646467875244e-05,0.00010643155769555782,9.615366868565038e-05
-2.9306519,-6.3149478,5.9627420834670257e-05,0.00044808421744910767,-0.00018737573325240542,0.00011898728116178753,0.0001303062285667713,0.00011772280891642613
-2.9306519,-4.9062639,4.171491312825254e-06,-0.0001252825059656983,3.757494275894001e-05,9.437177284597959e-05,0.00010334911162462938,9.336888845068313e-05
-2.9306519,-3.4975799,1.11132336146195e-05,0.00036294493516399027,0.0001659126114794074,0.0001683489903868043,0.00018436358748665993,0.00016655995357699595
-2.9306519,-2.08915,0.00015866553233649053,-3.4914073673379915e-05,0.00020805511700095294,0.0001227621370963381,0.00013444017662749913,0.00012145754963419681
-2.9306519,-0.68046602,1.0174599136868237e-05,0.00040554793063135206,0.0001877946019309122,0.00023045334961713918,0.0002523757712249443,0.00022800433269993216
-2.9306519,0.72821793,0.00024155838026450652,-1.990297770442629e-05,4.934765955837368e-05,0.00010222778212575352,0.0001119524424245268,0.0001011414122889811
-2.9306519,2.1369019,0.00019424906428103003,0.00047958292917581045,-0.00013168611693040213,0.00013813817665072296,0.0001512788984224028,0.00013667018873902487
-2.9306519,3.5453318,0.00013415763097818722,2.6479616509289432e-05,-5.802184614255909e-05,0.00011405319095321643,0.00012490277132126145,0.00011284115305243405
-2.9306519,4.9540158,0.0001443435791295722,0.0002992199591964498,0.0001732017060278074,0.00025505479339809733,0.0002793174857100739,0.00025234433809456926
-2.9306519,6.3626998,0.0003125826933386185,0.00019347786270043534,-3.292275010746031e-05,7.965611727364743e-05,8.723359440466542e-05,7.880961545861763e-05
-2.9306519,7.7713837,0.0003703291089024114,0.00024242298813160316,0.00014056276450688884,0.00024729959881836016,0.00027082455984732407,0.00024467155760246633
-2.9306519,9.1798137,0.0005361917305318308,-0.0001827339691570443,0.00012314175824833002,7.597411602623592e-05,8.320133405355537e-05,7.516674266548704e-05
-2.9306519,10.588498,0.0004097278666795302,-0.0002346018945277093,0.0004521172879936624,0.0004535362201748829,0.0004966799290856667,0.00044871651207774744
-4.9944526,-30.261559,-0.00021260229709298207,-0.0002634340743308546,-0.0003932895091094004,0.00028584804471387356,0.0003130400181106076,0.0002828103509748913
-4.9944526,-28.852875,0.00036648102484933346,-0.0002641121227049023,-0.0003205405546115331,0.0005311507152385204,0.0005816776871216693,0.0005255062015499628
-4.9944526,-27.444191,0.00022452381492567248,-0.000524253762523307,0.0006257532064174784,0.00019384371914314642,0.00021228356279844428,0.00019178375104812322
-4.9944526,-26.035507,0.00047702634975238306,-0.00016209499071152082,2.263291759788771e-05,0.00026637595805004415,0.0002917156030070493,0.00026354519326160367
-4.9944526,-24.627077,0.0007896603709427455,0.00014996018125853672,0.0001441640210640138,0.00022651510980662147,0.00024806289700902816,0.00022410794437875792
-4.9944526,-23.218393,0.0010697807101848322,-0.0005626674333148384,-6.359841706941271e-05,0.00021719972900810224,0.0002378613685123145,0.00021489155769412904
-4.9944526,-21.809709,0.000916445085269254,-0.00010742722570892346,-9.221806712967346e-05,9.246444130964647e-05,0.00010126034065096786,9.148182603691092e-05
-4.9944526,-20.401025,0.0007088979557947723,0.0001317928293077446,0.0001451938646668295,0.00019862532244910338,0.0002175200274636328,0.00019651454048151006
-4.9944526,-18.992595,0.0009085948708812419,-0.000329474047358413,-5.5156934085541254e-05,0.00012067026949733814,0.00013214931515976116,0.00011938791221379468
-4.9944526,-17.583911,0.0007571547601403576,0.00010508666179345755,9.62574252493498e-05,0.00018671634669882074,0.00020447818214212567,0.00018473212085641584
-4.9944526,-16.175228,0.0004248515287153634,0.00013670568936053628,6.66310806638306e-05,0.00017946668859030392,0.00019653888310708662,0.00017755950452443637
-4.9944526,-14.766544,0.00016655611769165977,0.0006494104611418646,-0.0006728581309889443,0.0003470201415940028,0.0003800312558325614,0.0003433323748565917
-4.9944526,-13.358114,0.000349173684397075,-4.426140105159222e-05,-0.00027014955534942884,0.00019633414009103306,0.00021501089094784075,0.00019424770641041802
-4.9944526,-11.94943,0.00021805506912691693,0.0005913211949815421,-0.00073715656369091,0.0004028611804719463,0.0004411843060107759,0.0003985799936401002
-4.9944526,-10.540746,0.00017439595060927265,0.00039655850951229675,-0.00018137814407452198,0.00017323223383774428,0.00018971136105585228,0.00017139130302934062
-4.9944526,-9.1320618,-3.0087096882720432e-05,-1.928743951975276e-06,8.21632602690991e-05,5.319959511806199e-05,5.826033281384404e-05,5.263424552070722e-05
-4.9944526,-7.7236318,-5.7852646296388844e-05,5.5059982322986425e-05,7.519644082102255e-05,0.0002712580709493864,0.0002970621384787723,0.00026837542417656215
-4.9944526,-6.3149478,-0.00023744198607218877,0.0003297580172145104,0.00018331089504202536,0.00020068997744546348,0.00021978108766533598,0.00019855725448603828
-4.9944526,-4.9062639,0.00011878164137774781,0.0003297326506062936,-0.0002836893071888005,0.0001744276226685195,0.00019102046408552145,0.000172573988519131
-4.9944526,-3.4975799,9.802673251252378e-06,0.0005317049769647023,-0.0001694570978325966,0.00018556210402109025,0.00020321413939207924,0.00018359014426218615
-4.9944526,-2.08915,3.043047476907983e-05,0.00011597157591458114,0.00010730492519157509,0.00010811841581927609,0.00011840343662309037,0.00010696944649501747
-4.9944526,-0.68046602,-7.706745987372486e-05,0.00033396807311381787,0.00024076536345828657,0.00017791030373100937,0.00019483444344625198,0.00017601965929345815
-4.9944526,0.72821793,-5.644806674861112e-06,0.00044005269907051883,0.00032096449497158414,0.0002148198230426769,0.0002352550683464903,0.00021253694287781078
-4.9944526,2.1369019,0.00040093999601062955,-6.752536441636584e-06,0.00030430803559512606,0.00019324539315563788,0.00021162831963311433,0.000191191783443237
-4.9944526,3.5453318,0.00029746048607287687,-5.388540767050072e-05,0.00023963908634996636,0.00039091824714849224,0.00042810527281875166,0.0003867639773042573
-4.9944526,4.9540158,0.00019309681483902885,0.00012140454173685457,0.0002665557680710088,0.00024190452735417788,0.0002649162694110949,0.00023933381930939403
-4.9944526,6.3626998,0.00031562854650519915,0.00023822011085636714,-0.00010911515861648018,0.00011202833960906074,0.00012268530118975538,0.00011083781970856979
-4.9944526,7.7713837,0.0004420467187746015,0.00011258262560227167,7.718892878766533e-06,0.00015942546752108246,0.0001745911933384056,0.0001577312605694629
-4.9944526,9.1798137,0.0004922744569027369,-0.0002759022799054229,5.48971389000246e-05,7.838450077061606e-05,8.584101236500314e-05,7.755151236426286e-05
-4.9944526,10.588498,-9.09477995800424e-05,-0.0002763697208015293,0.00023253224283361119,0.00018633558754179824,0.0002040612023673343,0.00018435540800907776
-7.0579486,-30.261559,-6.391170072040962e-06,0.0007054539656891226,0.00042580572150362217,0.0006051721547715689,0.0006627405917053999,0.0005987410187228198
-7.0579486,-28.852875,0.0005626070846387112,-0.0006504309667337741,0.00019418637391006226,0.00031783723961623165,0.00034807226106977956,0.0003144595982068789
-7.0579486,-27.444191,0.0006113357805481703,3.3351901651629715e-05,3.169846322580644e-05,0.00019965411946770272,0.000218646691239319,0.0001975324045220994
-7.0579486,-26.035507,0.0009567542263224794,-0.0006570067520111184,0.0003980959163078268,0.0002827061978132921,0.0003095992955707147,0.00027970189233533457
-7.0579486,-24.627077,0.0008746956486419267,1.5798406444314708e-05,-3.059883346562919e-05,0.00010984139887343268,0.00012029032252765122,0.0001086741194890816
-7.0579486,-23.218393,0.0011180568259691753,-0.00014648261548850475,9.655867533749495e-06,9.680052264231417e-05,0.00010600890200763229,9.577182803767612e-05
-7.0579486,-21.809709,0.0008977606858668952,0.00026503516342901533,-0.0002498360794885057,0.00016299685445226501,0.00017850231692396716,0.00016126469453922073
-7.0579486,-20.401025,0.0008614812246906142,-0.00020433014223188826,-2.5741758545651492e-05,0.00011607629365440635,0.00012711832646654917,0.00011484275633626477
-7.0579486,-18.992595,0.0009807457173094123,-0.00026316377801399076,-3.9135746531327745e-06,0.00011857283281192366,0.00012985235483431361,0.00011731276489002761
-7.0579486,-17.583911,0.000718231744302039,-2.8390246487600087e-05,5.1388030262826746e-05,0.00012237286126685272,0.00013401387001081195,0.00012107241062091066
-7.0579486,-16.175228,0.0006209729403373255,-0.00016768260886706898,0.00012887595555850323,9.145041464406065e-05,0.00010014985229303029,9.04785753850774e-05
-7.0579486,-14.766544,0.00020100275538456158,0.000258892753006247,-0.00016607545021831137,0.0002694476720770888,0.00029507952111869313,0.00026658426432808025
-7.0579486,-13.358114,0.00026084532754095025,-2.788132762162412e-05,0.0001807672284574667,0.00012426559785381575,0.00013608665765613593,0.00012294503318497547
-7.0579486,-11.94943,7.010441549198467e-05,0.00015602782315491342,0.00010117514406697029,0.00010503681333346071,0.0001150286893901336,0.00010392059205419606
-7.0579486,-10.540746,3.558059962449477e-05,0.00021603688017374218,-7.608431979314043e-05,5.49798353375672e-05,6.020992260767141e-05,5.439556721102557e-05
-7.0579486,-9.1320618,-1.0451705665793091e-05,0.00022488956399976034,-2.461959369410515e-05,9.604129908114823e-05,0.00010517745550370324,9.50206727090186e-05
-7.0579486,-7.7236318,8.735375524333863e-06,3.12179918785476e-05,7.150053455913901e-05,0.00011902060506183066,0.00013034272248157135,0.0001177557786848995
-7.0579486,-6.3149478,2.168510613991203e-05,0.0001589041738130586,-0.00012051570765090425,0.00010188597341795906,0.00011157811835250677,0.00010080323596632079
-7.0579486,-4.9062639,5.995960319492808e-05,0.00028936287933405055,-0.00022342292244373333,8.774316591613698e-05,9.608994273504259e-05,8.681072341522915e-05
-7.0579486,-3.4975799,-6.8786024969606135e-06,0.0001790763276699289,-0.0001277110385534761,6.322144924458586e-05,6.923553958995828e-05,6.254959787442197e-05
-7.0579486,-2.08915,0.00040888787948474515,0.0004098298108198978,-0.0001633323230654456,0.00025494057960405057,0.0002791924070578658,0.0002522313380450019
-7.0579486,-0.68046602,0.0002952852431601841,9.455085914011722e-05,-0.0002563498114020848,0.0001392701949491772,0.000152518602646948,0.00013779017713183626
-7.0579486,0.72821793,4.5858907262736266e-05,0.0005794819448915415,-0.00016046633087556418,0.0002353707036092912,0.0002577609001820604,0.00023286943020295824
-7.0579486,2.1369019,0.00034057297506166653,0.00021062487444791967,-5.023838222423652e-05,7.714532013714636e-05,8.448395173394877e-05,7.63255004452587e-05
-7.0579486,3.5453318,0.00034708711702365237,-0.00011547258441394842,6.137080651778122e-05,8.425598845187879e-05,9.22710392415334e-05,8.336060402204706e-05
-7.0579486,4.9540158,0.0002246997404465688,0.00012889796528039966,0.00011419517472802561,0.00020505150115472255,0.000224557511664129,0.00020287242848777604
-7.0579486,6.3626998,0.00021808303007679632,-0.00021021537797401776,4.126419101922435e-06,6.592519213208378e-05,7.21964824338822e-05,6.522460821330043e-05
-7.0579486,7.7713837,0.000508722406887023,-7.518033871739384e-05,6.965423818436774e-05,5.5852590602968054e-05,6.116570078826061e-05,5.5259047747303975e-05
-7.0579486,9.1798137,0.0004922016455783199,-1.3543155903039277e-05,0.00010359892332361347,7.145224991718262e-05,7.824931470327917e-05,7.069293021516319e-05
-7.0579486,10.588498,4.820289842832991e-05,-0.0001355052284778383,0.00017547089482120926,7.302352679766525e-05,7.997006302452045e-05,7.22475092099636e-05
-9.1217493,-30.261559,0.0009710758387723319,0.0009263275932307365,0.00016494185850070162,0.0007240231976964735,0.0007928976220408201,0.00071632903719619
-9.1217493,-28.852875,0.0005831747265033178,-0.00022443141077709716,0.00024086736338846181,0.0006457879530820611,0.0007072200641756881,0.0006389251948526224
-9.1217493,-27.444191,0.000394696824904772,0.0004470244230324283,-0.00018879510310821046,0.00026437420296287215,0.0002895234262198096,0.00026156471073212104
-9.1217493,-26.035507,0.0008596429068736774,-0.00017108747385094651,2.8427142754261944e-05,0.0001403715632196097,0.00015372474118734064,0.00013887984121404778
-9.1217493,-24.627077,0.000904722649647634,9.233038625688277e-05,1.0409310050486829e-05,0.00023428325245961114,0.00025657000266067617,0.00023179353534428086
-9.1217493,-23.218393,0.0009095787948125614,1.556140414636547e-05,-3.9737734319794494e-05,0.00011465053348151581,0.00012555693747469767,0.00011343214765007447
-9.1217493,-21.809709,0.0009419814172232073,0.0005441829196079508,0.00028044435255245807,0.0003844745684169338,0.0004210486238636231,0.00038038877524444677
-9.1217493,-20.401025,0.0010355401444354262,-0.0002637189536916325,1.6592659908991767e-05,0.00010385867680361865,0.00011373847982754474,0.00010275497552562474
-9.1217493,-18.992595,0.0009281271811438666,-0.00016918956559763932,-4.931991386751844e-06,7.11524842544324e-05,7.792103312054362e-05,7.039635014781262e-05
-9.1217493,-17.583911,0.0008056461582255271,-0.00019452311750310126,-7.248447204902425e-05,0.00010644725150253632,0.00011657329883606581,0.00010531604156283594
-9.1217493,-16.175228,0.0005015459504579126,3.212880532564376e-05,-0.00010560798658882098,8.560967153259833e-05,9.375349463656365e-05,8.469990157606617e-05
-9.1217493,-14.766544,0.00041787204792565933,0.00021342544607628268,9.32487864943492e-05,0.00015401356112291917,0.0001686644665050625,0.00015237686624657495
-9.1217493,-13.358114,0.0006728821603133275,0.0002777892180015247,-1.4319072907080156e-05,0.00024098574561162052,0.00026391008637497744,0.0002384248014179289
-9.1217493,-11.94943,0.00035250105346862294,-0.0005031995604755178,0.00019097460338894754,0.00023709270348135908,0.00025964670937692665,0.00023457313046270338
-9.1217493,-10.540746,0.0001518405025944517,0.00017212937660253475,-6.978339627051089e-05,6.973598497535263e-05,7.636978598712688e-05,6.899490394011918e-05
-9.1217493,-9.1320618,-0.00013817176682634255,0.0003903270850586131,9.655404174089324e-05,0.00010770724745698575,0.0001179531548948619,0.00010656264759965888
-9.1217493,-7.7236318,4.334035486431574e-05,0.00028370339883672954,-1.497997601005508e-05,6.052796911808429e-05,6.628583577643486e-05,5.9884741234642666e-05
-9.1217493,-6.3149478,2.2621343962325902e-05,0.00047997869409146474,-6.855430911457422e-05,0.00014698583409003302,0.00016096821026553883,0.0001454238225385025
-9.1217493,-4.9062639,0.00014248958989668384,0.00037032735061002094,4.90349891659989e-05,0.0001312591371593923,0.0001437454739794517,0.0001298642524770362
-9.1217493,-3.4975799,0.0002199060526143754,0.00027186167186292714,-0.0002511340256390846,0.00010253220313911798,0.00011228582220896565,0.00010144259823452913
-9.1217493,-2.08915,0.0005385939002474812,0.0002729302112899889,-0.00018408935966704405,0.0002645052097906411,0.000289666895381309,0.00026169432535572286
-9.1217493,-0.68046602,9.127501659980384e-05,0.00014237474370412827,0.0001840172181899608,0.00014940434971788755,0.0001636167929301694,0.00014781663671421049
-9.1217493,0.72821793,0.0001295187930062551,0.0005634629934890002,0.0002274209626207268,0.0002143743178914073,0.0002347671834594351,0.0002120961720890324
-9.1217493,2.1369019,5.483925712835961e-05,0.0009173540551451321,0.0001649732995367795,0.00021375280371010237,0.0002340865462690835,0.00021148126270960406
-9.1217493,3.5453318,0.00020669054923720567,-1.91979027128733e-05,6.130598757496058e-05,5.634416369859326e-05,6.170403594076266e-05,5.5745396918687685e-05
-9.1217493,4.9540158,0.0002523698415689939,-0.00013505944114795812,6.048510612381475e-05,5.445809754369224e-05,5.963855326841734e-05,5.38793739002305e-05
-9.1217493,6.3626998,4.664735917929216e-05,-5.890515072427736e-07,0.00016257296257629248,0.00019496683587195252,0.00021351351867089223,0.0001928949324692783
-9.1217493,7.7713837,0.0003867684657081155,-0.00014379369703342357,-6.606213319094885e-05,0.00010765988685731336,0.00011790128900593403,0.00010651579029889263
-9.1217493,9.1798137,0.00044540690285513383,-2.5003751310852986e-05,-0.00015259786246699125,0.00010099155272649307,0.00011059861377094607,9.991832024141779e-05
-9.1217493,10.588498,0.0003708098223272137,-0.000387563800696618,0.0005926288233203123,0.0004176502699460609,0.00045738024270339586,0.0004132119201535789
-11.18555,-30.261559,0.00040914703629459835,-0.0006464455436921241,-0.00015943427321759998,0.0002430893824102044,0.00026621383661498764,0.00024050608296687814
-11.18555,-28.852875,0.00022886105261123591,0.0001333964365705906,-0.0001155140500023586,0.00036702194767003124,0.00040193578116182004,0.00036312162267985553
-11.18555,-27.444191,0.0008912099733100353,-0.00030930074926399344,0.0004105207427894909,0.0005523883160618939,0.0006049355651068457,0.0005465181113865301
-11.18555,-26.035507,0.0007128942669166126,0.00037169618186745504,7.883577901773902e-05,0.00025448142637449233,0.0002786895757881071,0.00025177706421529797
-11.18555,-24.627077,0.0008034507037895609,5.511651817220863e-06,-7.08444858764468e-05,6.7584744849368e-05,7.401390404045893e-05,6.686652494178021e-05
-11.18555,-23.218393,0.000986073376681402,-0.0001883393074806807,-2.8088163955134587e-05,0.0001293230120197666,0.00014162517034293316,0.00012794870244837105
-11.18555,-21.809709,0.00093136326620632,-1.5541757404790876e-05,-2.0674736661940174e-05,6.734061546809377e-05,7.374655127278287e-05,6.662498991204012e-05
-11.18555,-20.401025,0.0009279123786472944,0.0001615674489950775,4.6573725120233683e-05,0.0002329134826943107,0.00025506993029674027,0.00023043832205827563
-11.18555,-18.992595,0.0008074023653713244,-3.60046233524931e-05,5.4977117353157925e-05,0.00011630092342450248,0.0001273643246762399,0.00011506499897654498
-11.18555,-17.583911,0.0007635747384771526,-0.00012234599781886174,-7.879454894878398e-05,8.567357789326566e-05,9.382348024135025e-05,8.476312880687616e-05
-11.18555,-16.175228,0.000332655855824926,0.0003421179179238341,-1.638294450009786e-05,0.00017965802281025867,0.00019674841844952637,0.00017774880544472332
-11.18555,-14.766544,0.00039273825096276094,0.0004911976419262035,-0.00024181365043345754,0.0001427285335449238,0.00015630592390644568,0.00014121176412609167
-11.18555,-13.358114,-3.929178925922688e-05,0.00106261513024908,0.0003483386227301884,0.0003345142640977624,0.00036633572706636666,0.0003309593967331051
-11.18555,-11.94943,0.00019884450230857288,0.0003398291495395887,6.12787072478116e-05,0.00010974725616763633,0.00012018722427367502,0.00010858097723368786
-11.18555,-10.540746,0.00035864821580284563,0.00015419177958638937,0.00011426123329594686,0.0002730185148441998,0.00029899004877465707,0.0002701171599169044
-11.18555,-9.1320618,-0.00010831794871749027,0.0008208592164946123,0.00033752292753799133,0.0002743199105118183,0.00030041524279389534,0.00027140472571373346
-11.18555,-7.7236318,6.107895999337063e-06,0.00023474153160551577,5.815542799911914e-05,7.39173505487027e-05,8.09489138805819e-05,7.313183433801366e-05
-11.18555,-6.3149478,-4.588599407051049e-06,0.00013477849253368138,0.0001988373801323216,0.00015403560902770472,0.00016868861176888228,0.0001523986798492191
-11.18555,-4.9062639,-0.00015158292064106006,0.0006726554784895094,0.00015266546298395932,0.00027808359996484613,0.0003045369621354723,0.00027512841861511113
-11.18555,-3.4975799,0.00016022194827519938,0.0005120017245478037,2.9001894135236208e-06,0.00022730117186595534,0.0002489237350862586,0.00022488565299478403
-11.18555,-2.08915,8.450222388751329e-06,0.00015056057183534486,0.00016280942104110623,0.00015444180833341177,0.00016913345174740944,0.00015280056249397352
-11.18555,-0.68046602,0.0001591110017399952,0.000264658239351243,2.8226296609662186e-05,0.00010321823368794943,0.00011303711304157158,0.0001021213383688819
-11.18555,0.72821793,8.764266558707786e-06,0.00012860818654054866,0.00026172073622130187,0.00016381614219982175,0.00017939954136233073,0.0001620752757544588
-11.18555,2.1369019,8.618703679405528e-05,0.00021918742764175962,0.00025366471030132114,0.00015552677265036338,0.00017032162586897546,0.0001538739969457754
-11.18555,3.5453318,0.00030856149789033373,-3.500967504814002e-05,-8.619217256294942e-05,8.026034684416102e-05,8.789530274653896e-05,7.940742390982287e-05
-11.18555,4.9540158,0.00015177372066372318,0.000374576550934701,0.00026663195693805454,0.00038138396940509505,0.00041766402428479893,0.0003773310198842244
-11.18555,6.3626998,0.0002945665269346731,-0.00013057453329096957,-7.096517676681502e-05,8.641637685129311e-05,9.463693971257001e-05,8.549803407537809e-05
-11.18555,7.7713837,0.0003894830627443454,-0.00019180073940831233,-2.5933271140056558e-06,3.9184567917172256e-05,4.291209290132389e-05,3.8768155355268376e-05
-11.18555,9.1798137,0.000522970763807347,-0.00018319609037641108,-3.2648180129501494e-05,5.0634604276850485e-05,5.545134113376021e-05,5.009651271666609e-05
-11.18555,10.588498,-1.1348731432101825e-05,-0.00019647647269458457,0.00016516414646463443,0.00010331163463289929,0.00011313939897285022,0.00010221374674639449
-13.249351,-30.261559,0.0002226500656825278,0.0010888811212115,4.390746725184289e-05,0.0007258821376218407,0.0007949333980459286,0.0007181682222552347
-13.249351,-28.852875,0.0007154689244427414,0.0010255978910304784,-0.0008635291023380006,0.0005002586543104128,0.0005478469456076271,0.0004949424290990366
-13.249351,-27.444191,0.00047740306189236476,7.009658960969547e-05,-0.0002248435996195516,0.00019715632882891698,0.0002159112923402726,0.00019506115778745742
-13.249351,-26.035507,0.0007093594339988683,0.00011485773354362739,-0.00017561258618947672,0.0002947406706390591,0.00032277857617406367,0.0002916084753832957
-13.249351,-24.627077,0.0008963785671965252,-9.652521604563547e-06,3.920572463791153e-05,6.660062282800632e-05,7.293616507702305e-05,6.589286113882114e-05
-13.249351,-23.218393,0.0009415571393646021,-0.00025307213707777927,-4.3201369353351284e-05,6.82435429760138e-05,7.473537190180968e-05,6.75183220516944e-05
-13.249351,-21.809709,0.0009824970217363648,0.0001232869624966198,-1.7885172456868616e-05,0.00029113716344741534,0.00031883227681073683,0.00028804326249301396
-13.249351,-20.401025,0.0008945524172115934,-5.677631400484289e-06,0.00016616819941077472,0.00021575852660564242,0.00023628306831293663,0.00021346567088287118
-13.249351,-18.992595,0.00104104789783086,-1.528782265975281e-05,0.00019300155071115744,0.00025073201597362567,0.0002745834938264424,0.00024806749862132265
-13.249351,-17.583911,0.0007891571465425743,0.00015258109421637433,6.576203004705997e-05,0.00019179191691289047,0.00021003657801460418,0.00018975375322433566
-13.249351,-16.175228,0.0006504678588284898,-0.00011891404542866171,-9.820313400556063e-05,0.00018404738068921004,0.00020155532441015249,0.000182091517823943
-13.249351,-14.766544,0.00046712994417199286,0.000114849350624493,-0.00015056098449107313,0.00010671388521462257,0.00011686529671274289,0.00010557984177124413
-13.249351,-13.358114,0.0002127556704797673,0.00048110107803150633,0.00039767993602229907,0.00027055412913587896,0.00029629123253090893,0.00026767896311984205
-13.249351,-11.94943,7.563308618901178e-05,0.0003309080244828796,0.0002382772611139676,0.0001476443649896804,0.00016168938547934486,0.00014607535526119775
-13.249351,-10.540746,3.682519195347501e-05,0.0002602729174712331,6.949532364185199e-05,0.00014099058436612845,0.00015440264818846768,0.0001394922840515371
-13.249351,-9.1320618,-2.615175999963017e-06,0.00012153157229311563,0.00010919775292375281,8.089861952025265e-05,8.859429262529018e-05,8.003891369217946e-05
-13.249351,-7.7236318,2.1699356853400447e-05,0.00036582325807601237,-7.068034692756412e-05,0.00024579066740535745,0.0002691720877539387,0.00024317866153304778
-13.249351,-6.3149478,-4.43272075906155e-05,0.0004631439343579338,0.0002592961813232594,0.0002303690975771091,0.0002522835045095622,0.00022792097600323952
-13.249351,-4.9062639,-7.673054741578716e-05,0.0005788123541779375,5.564784120051917e-05,0.00021054295532113422,0.00023057135343671997,0.0002083055252289039
-13.249351,-3.4975799,-4.3697673168882594e-05,0.00042644724117658363,4.632896043025678e-05,0.00013922954075022118,0.00015247408112081112,0.0001377499549635812
-13.249351,-2.08915,1.2732081081915048e-05,0.0002904563135883685,0.00011574349218940511,0.00019143129851614726,0.00020964165493657375,0.00018939696710276507
-13.249351,-0.68046602,5.0844268924463966e-05,0.0001326583647142614,0.0001496011254531041,0.00016514862678130565,0.00018085878170071628,0.00016339360008510814
-13.249351,0.72821793,8.027452159994809e-05,0.000293747065162687,3.399632406615051e-05,0.00019038424548774999,0.00020849499850555275,0.0001883610410573811
-13.249351,2.1369019,0.00019827011281720725,0.00015217322149381013,7.829600457790099e-05,0.00017772923984848125,0.00019463615543223388,0.00017584051956836752
-13.249351,3.5453318,0.000326320435296566,5.510275308207468e-05,5.4694374394341465e-05,0.00014858234088940963,0.0001627165885621041,0.00014700336333542714
-13.249351,4.9540158,0.00027660640893995947,-0.0004230571305333529,2.7836525965199202e-05,0.00010489418849181152,0.00011487249702184501,0.00010377948287976648
-13.249351,6.3626998,0.0005129880561092979,-4.0285458842752074e-05,0.0005732873660688757,0.00042325555662071863,0.0004635187455730398,0.000418757639710417
-13.249351,7.7713837,0.00042696063622505733,-0.0003394553935736115,-2.3288233840839614e-05,6.91062734678271e-05,7.56801716785259e-05,6.837188434711133e-05
-13.249351,9.1798137,0.0004842378081603906,-0.00020577285294376483,-0.00010397493815583719,7.36770307459324e-05,8.068573308630869e-05,7.289406840244752e-05
-13.249351,10.588498,-6.581376889023977e-05,-0.0003880894908945185,0.00039395279731861216,0.00025839856517290773,0.00028297934170735115,0.0002556525757635965
-15.313152,-30.261559,0.0005355484811094812,-8.623075465693852e-05,0.00033282105747216203,0.0005817560398272149,0.0006370969632715905,0.000575573745731596
-15.313152,-28.852875,0.0007580795811874766,0.0009840689622633277,-0.0006446016979426821,0.0006321452609059614,0.0006922795785446031,0.0006254274829238539
-15.313152,-27.444191,0.00023709334726092164,0.0005934021120081418,-8.677256009281706e-05,0.00031120740821276505,0.00034081175122474246,0.0003079002217100298
-15.313152,-26.035507,0.00036163925173046863,0.00041326198602061964,0.0002535424452339438,0.0002310988645147028,0.00025308269225810583,0.00022864298774099738
-15.313152,-24.627077,0.0010547413309830395,0.00023287008970496133,-0.0002452470107668869,0.0001831648524036,0.00020058884352671104,0.00018121836812433042
-15.313152,-23.218393,0.0009391080320714922,0.00026636498837240047,-2.674989180889672e-05,0.00020122020017286236,0.00022036174908664734,0.00019908184256148823
-15.313152,-21.809709,0.0010032959331308352,8.143233774368715e-06,0.0003153200020340698,0.00023891738140316472,0.0002616449641139454,0.00023637841761702612
-15.313152,-20.401025,0.0011429129588962225,-0.0001487697892848109,0.0001512260879470959,0.00017905917248041693,0.0001960926010618177,0.00017715631906958413
-15.313152,-18.992595,0.0008662845085830366,-0.00017955454256561004,-3.761719545222329e-05,0.00012774901852871914,0.00013990144698687734,0.00012639143571214112
-15.313152,-17.583911,0.0006816861588802154,-0.00018967246665936149,-0.0003363469044751851,0.0002320365571647322,0.0002541095851469612,0.00022957071557736777
-15.313152,-16.175228,0.000609013382878767,-0.0001084606182021005,6.154793167897735e-06,0.00011051910541284466,0.00012103249750939692,0.00010934462407311515
-15.313152,-14.766544,0.0004048733316663264,0.00012472391867669055,-5.18891298363251e-05,8.740716975524455e-05,9.572198414207302e-05,8.647829786958864e-05
-15.313152,-13.358114,0.00029328701789725674,0.0001889867632357163,2.740019561665423e-05,0.0001297784172914811,0.00014212389712136149,0.00012839926814946361
-15.313152,-11.94943,0.00011854802596377288,0.0008038826415007109,-0.00021257709451443852,0.0001758959331436946,0.0001926284510784862,0.00017402669532794678
-15.313152,-10.540746,0.0001723794368390281,0.0002973045943224147,-0.0001513884257487986,7.686350191174933e-05,8.417532488150801e-05,7.604667708900973e-05
-15.313152,-9.1320618,0.0003202811791713292,-0.00011296897876380258,-0.0002771280592618109,0.00025379742865740796,0.0002779405111640852,0.00025110033530964645
-15.313152,-7.7236318,-4.429873499804794e-05,0.0005984740399361073,-1.7643336399693228e-05,0.00026948511702846794,0.00029512052811021805,0.0002666213113539158
-15.313152,-6.3149478,2.223358490359818e-05,0.0008334978681173952,-0.00010066635700157078,0.0002093465230799691,0.00022926110773985138,0.0002071218074168835
-15.313152,-4.9062639,-0.00017090286539690495,0.0005522709095587408,-0.0004711476240523598,0.00029804041636790534,0.00032639221804365784,0.0002948731548680659
-15.313152,-3.4975799,-0.0002749613157166364,0.00044960301211384126,0.00012029896271449386,0.00025817850642597485,0.0002827383493500652,0.00025543485557068534
-15.313152,-2.08915,0.0002048602287005639,-0.00016429570262702634,-2.3246545904553743e-05,7.597959671105256e-05,8.320733610140782e-05,7.517216510728306e-05
-15.313152,-0.68046602,0.0003733783066139413,-0.00017177869011602388,-9.183118507728092e-05,0.0001210510583011267,0.00013256632740222654,0.00011976465439292131
-15.313152,0.72821793,0.00012688068298733117,0.00023770995452262016,-0.00017428052273374606,0.00013336596613517653,0.00014605272006038198,0.0001319486922801404
-15.313152,2.1369019,0.00020002498034553742,0.0001298342755726163,-1.6135588644099143e-05,0.0001236535878418665,0.0001354164287395894,0.0001223395269746395
-15.313152,3.5453318,0.00030029135974718034,0.00022105954773161387,-4.128817932181004e-05,0.00018396589474385617,0.00020146608692077104,0.0001820108978253373
-15.313152,4.9540158,0.0005113192785958967,-0.00044057327744727185,0.0001411954012026805,0.00028554923159262226,0.00031271277968126886,0.00028251471332600264
-15.313152,6.3626998,0.00030235233988154986,-0.00022944164242103476,0.00025246676340554474,0.00021958474367486658,0.0002404732633575849,0.00021725122692297969
-15.313152,7.7713837,0.0001982781069025423,0.0002451133909112523,-2.882151545513097e-05,0.00037152828708704,0.00040687079680814744,0.00036758007343899404
-15.313152,9.1798137,0.0005830529568754604,-0.00012038186091739976,-0.00017131472181486278,8.24859651052586e-05,9.033263822479356e-05,8.16093906302844e-05
-15.313152,10.588498,0.00026165437275133403,9.007986888220891e-05,-3.0062700759112184e-05,0.000436956647531087,0.0004785231852607383,0.00043231312977398223
-17.376952,-30.261559,-0.00010591234784983021,0.0006437136909532195,0.00042506608282429315,0.000715533269166053,0.0007836000689230758,0.0007079293307418282
-17.376952,-28.852875,0.0009889606876986958,0.000625248682939046,-0.0007179867604961293,0.0006546734778039042,0.0007169508455194801,0.0006477162935159961
-17.376952,-27.444191,0.0001579137966410073,0.00023434213170799178,0.0001855723149370593,0.0002740212911892603,0.00030008821659904177,0.0002711092798045006
-17.376952,-26.035507,0.0006095813529591493,0.0004488040109647577,-0.000602341778976847,0.0003482711736243206,0.0003814012952493687,0.0003445701122282282
-17.376952,-24.627077,0.0007857314749717872,0.00021112750776884146,-0.0004745916149700442,0.0001992471574029626,0.0002182010159429752,0.00019712976722437576
-17.376952,-23.218393,0.0006422288187664477,0.00021557623757829003,-0.0001026986106702845,0.00013952904475960398,0.0001528020761599601,0.00013804627615804848
-17.376952,-21.809709,0.0010360254120719205,-7.5982125730911925e-06,-1.1385914616903432e-05,0.0001682162878857209,0.00018421826134524668,0.00016642866129854098
-17.376952,-20.401025,0.0009697651417486738,-0.00015575543550606634,0.0002104834916007344,0.00030285965927234884,0.0003316699028627933,0.0002996411839062641
-17.376952,-18.992595,0.0008412536671560529,0.0002036234459681631,1.0462674255299665e-05,0.00014649804761635883,0.00016043402194631956,0.00014494121974868512
-17.376952,-17.583911,0.0008339857382836474,0.00042151118712848465,-0.0003958353019311214,0.0001943741352758058,0.0002128644360253356,0.0001923085304742248
-17.376952,-16.175228,0.0008099250412157493,9.760637967279625e-05,1.2384607627209673e-05,0.00023400960433731614,0.000256270323112313,0.0002315227952693095
-17.376952,-14.766544,0.0004209929127869605,0.00040206909815204716,9.866401699796861e-05,0.00021344227887657493,0.0002337464820231948,0.0002111740378094229
-17.376952,-13.358114,0.00017673153106613842,-4.1568953130913326e-05,0.00034498506633825945,0.00023300442289914475,0.0002551695214048555,0.00023052829584616183
-17.376952,-11.94943,0.00022841716969422134,-1.3910593176490996e-05,-7.238212754977588e-05,7.016257144895831e-05,7.683695251103376e-05,6.94169570992275e-05
-17.376952,-10.540746,0.00015521431551731964,7.756073293221895e-05,-6.458544383765069e-05,9.468164514430694e-05,0.00010368846126042534,9.367546775064564e-05
-17.376952,-9.1320618,0.0002168264700884224,4.110438682107039e-05,5.564973639410471e-05,8.613409359473511e-05,9.432780359154371e-05,8.521875062968098e-05
-17.376952,-7.7236318,-5.712851783848348e-05,0.0005495179196872697,0.0001440536691205301,0.00022371232986989986,0.0002449934959816175,0.0002213349494527054
-17.376952,-6.3149478,-3.760983272367251e-05,0.00038044971706923243,7.563344218714431e-06,0.0001810086968766632,0.00019822757859059697,0.00017908512596123322
-17.376952,-4.9062639,0.00018775519943280649,0.0001825849172740157,-0.0001832943819549797,0.00014161588390443542,0.00015508743082904016,0.0001401109385611169
-17.376952,-3.4975799,0.00019493697189446017,-0.00014838075079460415,2.193908206038255e-05,8.198728679152195e-05,8.978652195342274e-05,8.111601174748745e-05
-17.376952,-2.08915,6.562246716395298e-05,0.0001983342653736522,-7.474021926873215e-06,0.0001941410027762277,0.00021260912624383407,0.00019207787546276104
-17.376952,-0.68046602,9.39021665300917e-05,0.0002045276040312949,5.4220644864468254e-05,0.00019752820065527704,0.00021631853935681278,0.00019542907774944499
-17.376952,0.72821793,0.00011522297276673536,-4.825546369898988e-06,-3.60686818789125e-05,6.0040772419696795e-05,6.575229333625381e-05,5.9402721952649625e-05
-17.376952,2.1369019,0.0002996130316569535,-5.713594511670876e-05,2.2358739662137496e-05,0.00013746432463900867,0.0001505409446391347,0.00013600349772090425
-17.376952,3.5453318,0.00025233529530819946,0.0007415588023550297,-0.00046419463468736903,0.00015668887280472274,0.00017159427355786834,0.00015502374751603647
-17.376952,4.9540158,0.00024885779711736306,0.00039276140879318863,-8.200206554364357e-05,0.000275653130039653,0.00030187528799097537,0.00027272377717967196
-17.376952,6.3626998,0.000378633386751193,0.0002364167754031637,-0.00019201341666425287,0.00022451408621671577,0.0002458715213018377,0.00022212818557273365
-17.376952,7.7713837,0.0002611478518423442,0.0004478404593716545,7.703363859183819e-05,0.0002496370449995784,0.00027338436114209946,0.0002469841638532141
-17.376952,9.1798137,0.00047033427192536584,-0.0001825336107830558,-9.277901303676095e-05,9.230228349429569e-05,0.0001010827571885141,9.132139146500688e-05
-17.376952,10.588498,8.041394361435571e-05,-0.0002742150322374178,0.00021978165307529756,0.0001020820498995557,0.00011179284707472261,0.0001009972287523973
-19.440753,-30.261559,0.00022232755310553693,0.0006966163828999105,-0.0003933570368657785,0.0008517130594937432,0.0009327342848755965,0.0008426619448388859
-19.440753,-28.852875,0.000379836360076982,0.0002235738690821563,0.00037008777039026065,0.0003601623932758848,0.00039442369538140765,0.00035633496444796006
-19.440753,-27.444191,0.0006197464920195127,0.0003138646790979404,3.397079137418529e-05,0.000424192051936523,0.0004645443272268733,0.0004196841829343453
-19.440753,-26.035507,0.0008919956337844308,-0.0001255335493346531,7.558275645855996e-05,0.0001406701625200585,0.00015405174545416272,0.0001391752673131286
-19.440753,-24.627077,0.0007046094956527718,0.0003324157833348901,-9.799441643511325e-05,0.00022159352520631384,0.00024267313499773266,0.00021923866122652613
-19.440753,-23.218393,0.0006642733799424945,0.00040500186037094646,0.00013519916061004855,0.00021097536207956302,0.00023104489391299256,0.0002087333368207585
-19.440753,-21.809709,0.00097197354740751,0.0004092032623192805,-0.00012502540906512508,0.00021818926850049333,0.0002389450402974644,0.0002158705813972839
-19.440753,-20.401025,0.0010208492934026476,-3.351944172883089e-05,2.1233025707734794e-05,0.00028934535215563206,0.0003168700152187084,0.00028627049269469356
-19.440753,-18.992595,0.0006093474289937268,0.00013932037023031165,-0.00011015627131442349,0.0002375542475322659,0.00026015215890067684,0.000235029769707104
-19.440753,-17.583911,0.0013165369683472848,-0.00019307912908248236,-0.00022757024838760133,0.00024032428752490432,0.00026318570551801514,0.00023777037261431014
-19.440753,-16.175228,0.00023905906534026937,-0.00015817074693820954,-0.00015140658401505342,0.00024576119903804597,0.0002691398161378669,0.0002431495063245743
-19.440753,-14.766544,0.0003591745972917717,0.00016813030222519255,0.00011514645522687387,0.00011857351154513046,0.00012985309813319073,0.00011731343641013988
-19.440753,-13.358114,0.0002791803220916746,0.0002274895199389395,0.00020566270762440141,9.920221303804141e-05,0.00010863905889988291,9.814799578184964e-05
-19.440753,-11.94943,0.00010477332462395549,0.00015423095412958436,-9.360764249685272e-05,9.98608885097305e-05,0.00010936039243833596,9.879967154015607e-05
-19.440753,-10.540746,8.560600423418236e-05,0.00022410139326375136,-1.652118752834584e-05,0.0001505137529749314,0.0001648317308038393,0.0001489142503949395
-19.440753,-9.1320618,6.5535864352008e-05,0.00033370095170951695,1.1664971764914086e-05,0.00011320099735974121,0.0001239695107906575,0.0001119980156803272
-19.440753,-7.7236318,0.00023446161767167362,0.00016129647166954536,2.7636920675743503e-05,0.00014270621343494172,0.0001562814805429674,0.00014118968121086295
-19.440753,-6.3149478,-7.9795487919757e-05,0.0016875724961460871,-0.00019204965713598025,0.0006825267031246726,0.0007474536749782353,0.0006752735239248439
-19.440753,-4.9062639,8.249942679421696e-05,-3.596981111569953e-05,-8.154042560634212e-05,9.673884380613665e-05,0.00010594135582554207,9.571080465902685e-05
-19.440753,-3.4975799,8.833400970071272e-05,0.00029753451195611207,-7.80306367650504e-05,0.0001735631415515273,0.0001900737471512129,0.00017171869420214096
-19.440753,-2.08915,0.00020326117511000477,4.370959845571827e-05,-9.192990598264899e-05,0.0001441861288156853,0.0001579021763848307,0.00014265386960007217
-19.440753,-0.68046602,1.5765381503386115e-05,0.00031091292968733075,0.0004274655718501849,0.0002753958543058117,0.00030159353829284526,0.00027246923550379714
-19.440753,0.72821793,0.0002535838669958294,-5.708938128025106e-05,-2.3082219314352896e-05,5.726769485080283e-05,6.271542018478775e-05,5.665911374870384e-05
-19.440753,2.1369019,0.00015862329527881614,0.0002156448021108495,3.0614471446402e-05,0.00017044956147126562,0.00018666398037918994,0.0001686382019913514
-19.440753,3.5453318,0.00019985344473941822,8.708269748990878e-05,-0.0001700771312955092,0.00013670093807797385,0.00014970493912069293,0.00013524822363292235
-19.440753,4.9540158,0.00022798282500969367,3.013900407159522e-05,4.531195799430155e-05,0.00019564405925815104,0.00021425516453975175,0.00019356495903431335
-19.440753,6.3626998,0.0003102262699059673,-0.00010265229595603055,-7.773671973027793e-05,0.00017221069102511902,0.00018859264156024169,0.0001703806161043802
-19.440753,7.7713837,0.00041417811036219954,-0.00013358156671166828,1.763679025189227e-05,0.00017486457654588525,0.00019149898423716634,0.00017300629890812266
-19.440753,9.1798137,0.0003694566564293639,-0.00037633162803362243,-5.366462929401658e-05,8.86562325041532e-05,9.708986694818749e-05,8.77140868874519e-05
-19.440753,10.588498,0.00023129294979466929,-0.0005208906647943304,0.0005365063870095117,0.0005034960235566513,0.000551392277286288,0.0004981453949750274
-21.504554,-30.261559,-0.0004252437032869294,0.0006468146208230922,1.7406144711574092e-06,0.00035692132723894694,0.00039087431525212333,0.00035312834106674936
-21.504554,-28.852875,0.0010224898309544826,-0.0021635840034129133,-0.0008974425363901203,0.0008582247273956099,0.0009398653906318467,0.0008491044135465064
-21.504554,-27.444191,0.00029545758962822206,0.0002543790083324279,3.919016272032152e-05,0.00031439497599704416,0.00034430254395670157,0.00031105391536153374
-21.504554,-26.035507,0.0011539738799960777,-7.553908084811249e-05,-0.0001481770044792643,0.0002096547741769242,0.00022959868195353064,0.00020742678274477482
-21.504554,-24.627077,0.0010465627530022008,0.0002005393315736823,-0.00023693187605676097,0.0002508487129588771,0.0002747112918910301,0.0002481829554755212
-21.504554,-23.218393,0.0012473000397306049,-3.5545887347486314e-05,-0.00020078366405956103,0.00018146134466388112,0.0001987232855725121,0.00017953296348135063
-21.504554,-21.809709,0.001275284656004542,-0.00027957127161699994,-0.00012578580113212134,0.00017841177781874527,0.00019538362144601431,0.00017651580423956074
-21.504554,-20.401025,0.0006238846897050957,-5.913697920084894e-05,0.00016007411519175667,0.00014003511960175477,0.0001533562925715286,0.00013854697296605855
-21.504554,-18.992595,0.0009422161453191611,0.00028573730706766236,-0.00014737267732799366,0.00021211257805254266,0.00023229029025365248,0.00020985846765293685
-21.504554,-17.583911,0.0007007539855720212,0.00023116390132614707,0.0001297842014622644,0.0001522223516223148,0.0001667028639512068,0.00015060469184531778
-21.504554,-16.175228,0.0003684472129804527,0.000397568693888344,3.887487234410155e-06,0.00021345182767256587,0.0002337569391708547,0.0002111834851303436
-21.504554,-14.766544,0.0002997973999416467,0.0007383930244433466,0.00014381934783823405,0.00035012465996462255,0.00038343109887600075,0.000346403901656025
-21.504554,-13.358114,0.00036261469318057764,0.00041561615942513726,0.00034903310495470503,0.00030386822165840354,0.0003327744071371278,0.00030063902834598073
-21.504554,-11.94943,6.553469456698223e-05,0.0005273329803779108,2.613359763042553e-05,0.0002531267054934815,0.000277205983869454,0.00025043673988913736
-21.504554,-10.540746,5.2931325904303495e-06,0.0004093625034041553,0.00014315698120731198,0.00017485801883718928,0.00019149180271056204,0.00017299981088796662
-21.504554,-9.1320618,6.447653111459176e-05,0.0005329554308086766,3.754673764256068e-06,0.00019205264688935256,0.0002103221105479058,0.0001900117124359726
-21.504554,-7.7236318,4.9319686897374246e-05,-0.000328988931629294,4.156670333011563e-05,0.00032461109354368575,0.0003554904939214504,0.00032116146670618437
-21.504554,-6.3149478,0.0001581084366014684,0.0002711979829278611,-0.00025885579793119177,0.0001740363057160809,0.00019059192217977736,0.00017218683007369617
-21.504554,-4.9062639,0.00013487717595721708,0.00048635995405660126,-0.00033302818489639585,0.0002205709119898475,0.00024155324327270925,0.00021822691527292307
-21.504554,-3.4975799,0.00019599150219375277,0.00011869928001157757,-7.015377064979137e-06,0.00020979430615098856,0.00022975148723766408,0.0002075648319179756
-21.504554,-2.08915,5.7876776515916325e-05,9.271195417030753e-05,-8.489968701980245e-05,0.00017188982522068909,0.00018824125263442124,0.00017006316012524965
-21.504554,-0.68046602,0.0002873322705386042,-0.00017599442804848702,0.00017363605080879954,0.0002526909491729865,0.00027672877519434677,0.0002500056143304573
-21.504554,0.72821793,0.00012035512034765045,3.685813866293137e-05,-0.00018717723983232196,5.773485687246054e-05,6.322702210198297e-05,5.7121311261524866e-05
-21.504554,2.1369019,0.00019042302431957498,-9.971461618515524e-05,-0.0001337250049806693,0.00010516013866518233,0.00011516374633657984,0.00010404260681334669
-21.504554,3.5453318,0.00016796018273279188,1.8662669536047598e-05,1.2488552636393293e-05,0.00018289359996583838,0.00020029178755698342,0.00018094999827357501
-21.504554,4.9540158,0.0004357739486106549,-0.00018460428717380822,-0.00018306514581957717,0.0001006543502053292,0.00011022933405997568,9.95847011554957e-05
-21.504554,6.3626998,0.0002539927391653588,-0.00014670196227868821,-9.203739005679838e-05,0.000141748794071225,0.00015523298439057445,0.0001402424362976755
-21.504554,7.7713837,-2.1906435014673003e-05,-0.00023674483207620245,0.0006883400376082028,0.000371289928276424,0.00040660976354919284,0.0003673442476565601
-21.504554,9.1798137,0.0005171312636690155,-0.00036809106725745495,-0.00011612685415471176,0.00019068162070298312,0.00020882066224360275,0.00018865525608025471
-21.504554,10.588498,-3.848574447925582e-05,-0.00024482354701690375,-0.00014627414952131973,0.0002221551205663979,0.00024328815344916947,0.00021979428853932572
-23.568354,-30.261559,0.0002731735399832626,0.00015061257778869615,-0.00041870648559706665,0.0007392542656562692,0.0008095775814768648,0.0007313982453106129
-23.568354,-28.852875,0.0007056180590955394,0.0006097051034066306,-0.0002772675350590285,0.0003010525209608187,0.00032969085623132553,0.000297853249967829
-23.568354,-27.444191,0.0006485226143603233,0.0010788671337649477,-0.0009860419034579597,0.00036974604854395803,0.00040491901859715995,0.0003658167746624821
-23.568354,-26.035507,0.0011791020652196327,-0.00019818598168916133,8.364632943942006e-05,0.0003487980360514721,0.00038197827671529027,0.0003450913757130767
-23.568354,-24.627077,0.0008180213027597661,0.00015120097495904147,0.0002326213902238492,0.0001628474696342859,0.00017833872152034008,0.00016111689722657195
-23.568354,-23.218393,0.0007508603804759218,0.00037838916836140525,0.0003552216575600828,0.000357313214889709,0.00039130348214223295,0.0003535160641462283
-23.568354,-21.809709,0.0007499820012630931,0.00016125512656379245,7.846450806962027e-05,0.00014229242416680796,0.00015582832858886822,0.00014078028926190096
-23.568354,-20.401025,0.0009853079429741596,-0.0004436235993174262,0.00023427767115172707,0.0003094073276540095,0.00033884043373062165,0.0003061192705236054
-23.568354,-18.992595,0.0009349554187707973,0.000272676882405298,0.00017150511014841404,0.00019055086738587726,0.00020867747070695765,0.0001885258922729912
-23.568354,-17.583911,0.0006926206616814398,0.0005667082433594916,-7.215554837669963e-05,0.00027476552490041377,0.0003009032473091516,0.0002718456045798917
-23.568354,-16.175228,0.0004812831237271879,8.804850237408055e-05,0.0003797847070258515,0.0002582086367267759,0.000282771345867433,0.00025546466567901685
-23.568354,-14.766544,0.00020278278698457667,0.0003838694818133743,-0.0002356397015196914,0.00023503007283537614,0.00025738786609650824,0.00023253241929606743
-23.568354,-13.358114,0.00024907689549269756,0.00045247256152270316,8.840731733005033e-05,0.0002704611625633868,0.0002961894222913047,0.00026758698449841036
-23.568354,-11.94943,0.00011250083665986327,0.000589979861575932,0.000452398118912463,0.0003132119485771037,0.00034300697824573645,0.00030988345991867975
-23.568354,-10.540746,0.00021044340385076396,0.00010266230284941915,-3.998424845894834e-05,0.0003544700324084116,0.0003881898351835389,0.000350703096032187
-23.568354,-9.1320618,0.00019891312696610804,0.00035373632365957565,-3.71369099471096e-05,0.00023661982791189378,0.00025912885039652226,0.0002341052801198368
-23.568354,-7.7236318,0.0002710925973340516,1.7311436262359382e-05,0.0002543866456356913,0.00024068072198346553,0.00026357604665003736,0.00023812301926064383
-23.568354,-6.3149478,0.000429232671737682,0.0007118413908803219,-0.00017911060108353493,0.00033772337331664307,0.00036985011041643415,0.00033413440289933784
-23.568354,-4.9062639,0.00023031526486081235,8.564764511863625e-05,-7.012409663597402e-05,0.00010982139736527295,0.00012026841832879635,0.00010865433053640312
-23.568354,-3.4975799,0.00030998066115838483,0.0008065861649321926,-0.0005375456240654661,0.000301509390682867,0.0003301911867691772,0.00029830526455640414
-23.568354,-2.08915,0.0001730490391519877,0.0002945441349197292,-0.00020311840941636305,0.00011090162443801039,0.000121451404564757,0.000109723078086652
-23.568354,-0.68046602,9.458532235211994e-05,-0.000154562280298951,6.31191766617081e-05,8.418420506947428e-05,9.219242729449098e-05,8.32895834782174e-05
-23.568354,0.72821793,0.00034190882480850853,-0.000615838082374366,-0.00010310260357591051,0.0001920202842154259,0.00021028666929796605,0.0001899796936784425
-23.568354,2.1369019,0.00013841044073662466,2.1952539536408856e-05,-0.00017488138446171235,0.00017691492224914364,0.00019374437393909023,0.00017503485568383885
-23.568354,3.5453318,0.00026690701187934564,-0.00022439410496999547,-0.00014764545279510416,0.00011141815397571626,0.00012201707019982313,0.00011023411848912056
-23.568354,4.9540158,0.00031194022343338537,0.00019096698765481935,-2.3108177040352698e-05,0.00020049190835537555,0.00021956417678276185,0.0001983612902663281
-23.568354,6.3626998,0.00038632662160282633,-4.011016988694693e-05,-0.00011394645869700382,0.00019462919083309917,0.000213143754347701,0.0001925608755678994
-23.568354,7.7713837,0.0003856619763989516,-0.00019388190010928756,-0.0002993214644215046,0.00016001034900267852,0.00017523171305885966,0.00015830992654311361
-23.568354,9.1798137,0.00042770507783319986,-0.00031849537560041055,-0.00010974337383903187,0.00014971918143146098,0.00016396157375770664,0.00014812812272628272
-23.568354,10.588498,0.00024773343502861104,-0.00032186078160344715,-0.00013929136505943235,0.0001505168011118361,0.00016483506890210785,0.0001489172661394484
-25.632155,-30.261559,0.0006149990675257723,0.0009125542019031328,-0.0015756312327209344,0.00040032666920020247,0.0004384086933376662,0.00039607241650180134
-25.632155,-28.852875,0.00020412969422359994,0.0003721249711192244,-6.37077529396949e-05,0.0002670581448895556,0.0002924626844880727,0.0002642201305340877
-25.632155,-27.444191,0.00041789263208585957,0.00011143087888772639,5.23531794616923e-05,0.0001418367191461488,0.0001553292735468483,0.0001403294269971107
-25.632155,-26.035507,0.0004882822680035595,0.0006030476540482948,0.00016976130176801462,0.0002466425232858348,0.00027010497844443204,0.0002440214647806417
-25.632155,-24.627077,0.0013067706869203505,-0.0002200417031014611,-0.00027763573325396144,0.00038196715043583375,0.00041830268179546823,0.0003779080034763217
-25.632155,-23.218393,0.0010329000651416792,0.0005816634583053034,-0.0002901187620832157,0.0001910101182092235,0.0002091804088542301,0.00018898026265845786
-25.632155,-21.809709,0.0010444501599820711,0.00043468141193412474,-2.7417775203684385e-05,0.00029274078063427304,0.00032058844188699077,0.000289629838113238
-25.632155,-20.401025,0.001080241454218449,0.0001814860093718678,-0.00010346465971218886,7.227374543902698e-05,7.914895693520502e-05,7.150569574241817e-05
-25.632155,-18.992595,0.0009108099021408626,6.419264878133867e-05,5.2074433968361134e-05,5.6211805756002245e-05,6.155908713498517e-05,5.561444553796307e-05
-25.632155,-17.583911,0.0008648726178208589,-0.00012773170429112858,-3.001086750050622e-05,0.00010033603283117603,0.0001098807359904744,9.926976652539138e-05
-25.632155,-16.175228,0.0003026099750658458,0.00041624375853542664,4.035413448812039e-05,0.0002366584372675148,0.0002591711325584971,0.00023414347917623856
-25.632155,-14.766544,0.00027133337864353033,8.661634403988141e-05,2.127282599583278e-05,9.356281088479564e-05,0.00010246319523773016,9.256852329018263e-05
-25.632155,-13.358114,7.583074229263479e-05,-4.47781057227107e-05,-0.0004835082420632568,0.00042655157910320864,0.00046712831001238586,0.00042201863551674716
-25.632155,-11.94943,0.0003010654937181995,0.00018496471090184943,7.208472805395959e-05,0.00022068456379706585,0.00024167770647812948,0.00021833935930796932
-25.632155,-10.540746,1.9808350288114725e-05,0.00030778929296735295,0.0002985488311770428,0.0001977239460838773,0.00021653290553393678,0.00019562274300025128
-25.632155,-9.1320618,-0.0001666910986767768,0.00019644086373851193,-4.077785821057006e-05,9.501758721213076e-05,0.00010405636061451809,9.400783977788396e-05
-25.632155,-7.7236318,0.00011388489936454601,-4.0921127172233454e-05,-0.0003809126509623215,0.00022676775237596113,0.00024833957280217763,0.00022435790212769195
-25.632155,-6.3149478,2.749464831696715e-05,0.0002667566256585839,-0.0001059221615728352,0.000189127726909683,0.00020711895061674405,0.00018711787544339062
-25.632155,-4.9062639,0.000619225906199846,-9.092641412757779e-05,0.00025729824559621946,0.00039115516497352406,0.00042836472801530395,0.00038699837741826363
-25.632155,-3.4975799,3.400934611610024e-05,-0.0003904640351004532,0.0003245240761039258,0.00022315179038580319,0.00024437963384900825,0.00022078036679561275
-25.632155,-2.08915,0.0001843031917871739,-0.00018317645754505033,-0.0001361046592677109,0.0001428694323194641,0.00015646022601093276,0.0001413511655760529
-25.632155,-0.68046602,0.00025168683385840706,-3.861872875498646e-05,-0.0003271112981725091,0.0001379256223746087,0.00015104612441648458,0.00013645989326733268
-25.632155,0.72821793,0.00024926187731818584,0.00019160035146057608,-7.784196430464524e-05,0.0003016841921561168,0.0003303826166469272,0.0002984782084225684
-25.632155,2.1369019,0.00010969358570736027,0.00022717226147925726,-9.073883299318029e-05,0.00023971201740419711,0.00026251519175034114,0.00023716460906038792
-25.632155,3.5453318,0.00032694905633394417,-0.00010195518293674081,-2.8478127136140724e-05,0.00010778140177354914,0.00011803436331677586,0.00010663601388161999
-25.632155,4.9540158,0.00023298223980498456,-0.00018559761368829172,-2.5054385559617366e-05,0.00024832028099706574,0.0002719423368391004,0.00024568139303998585
-25.632155,6.3626998,0.00033235323799757425,-0.0002060348255943991,-0.0001060501190835202,0.00019257649915178603,0.0002108957955001234,0.00019052999774543355
-25.632155,7.7713837,0.0003639153280844899,-7.969726502115272e-05,6.0890817430450146e-05,0.000435518672114704,0.0004769484190199105,0.00043089043565190687
-25.632155,9.1798137,0.0005601657726526135,-0.0005182789414574743,-0.00030852866832728406,0.00011661179344910163,0.00012770476695012916,0.00011537256540026298
-25.632155,10.588498,0.00043174653070839525,-0.00044470409638104835,0.0003212327959408771,0.00023052550031524882,0.00025245478542895234,0.00022807571665683785
-27.695956,-30.261559,0.0003968848270906557,-0.0003722845574929,-0.00023412150789597243,0.0004222642464886557,0.00046243313471281447,0.000417776864184832
-27.695956,-28.852875,-0.0009128882316821037,0.001844409818823334,0.00036457708495233286,0.0007730397009710573,0.0008465769364897121,0.0007648246444046181
-27.695956,-27.444191,0.00011774803031833195,-6.753097517121247e-05,-0.00018289280717371037,0.00015482296127949816,0.00016955086277167192,0.00015317766494536578
-27.695956,-26.035507,0.0007891003781561154,0.000346741204924502,6.791594989684361e-05,0.00023459504626868326,0.000256911456595979,0.0002321020157353089
-27.695956,-24.627077,0.0009581900100880232,-0.0003817985322607555,0.00010036555662760083,0.00017048685305553533,0.00018670481941346115,0.00016867509727933335
-27.695956,-23.218393,0.0008364415393289514,-0.00011103225531359458,0.00023282772095722742,0.0001326612008023912,0.00014528091225312796,0.00013125141645579683
-27.695956,-21.809709,0.0011914948860692184,-0.00019997835511276926,-2.9893642807841078e-05,0.0001273909142813027,0.00013950927722265147,0.00012603713702067311
-27.695956,-20.401025,0.0010597959704730026,4.6239684768850146e-05,0.00023188484797125492,0.00021826745602961903,0.00023903066559930226,0.00021594793802995904
-27.695956,-18.992595,0.0009673441092373881,0.00015228681274817287,-0.00024261720208090183,0.00020686245811942031,0.0002265407402065698,0.00020466414049833786
-27.695956,-17.583911,0.0007398177453314874,1.2980164967792428e-05,1.7453668564596038e-06,0.00011283359761757074,0.00012356716127639097,0.00011163452027821174
-27.695956,-16.175228,0.0005217011023961492,1.9158173153667628e-05,4.645022888883118e-05,0.00020420584297051539,0.0002236314082384245,0.00020203575707311797
-27.695956,-14.766544,0.000479976298901071,0.00048486528871189436,2.331603753964725e-05,0.0002932942877223346,0.0003211946026506716,0.0002901774631097624
-27.695956,-13.358114,-0.00024932715717406676,0.00030334971004223715,0.00028837756448545467,9.963872141225374e-05,0.00010911709116856949,9.857986540207099e-05
-27.695956,-11.94943,-4.0542868298336565e-06,-0.0005774291812835674,4.306875612412138e-05,0.00018981720575467328,0.00020787401777276317,0.00018780002722928852
-27.695956,-10.540746,-7.841389739418118e-05,0.0007493430779836771,-0.00048111020644943993,0.00038217962079114485,0.0004185353638999379,0.00037811821592138905
-27.695956,-9.1320618,-3.518340894992321e-05,-0.0005142661177594035,0.00019628102809287357,0.00025971202375344154,0.00028441774615045595,0.00025695207628123753
-27.695956,-7.7236318,-9.157076718593759e-05,-0.00011275256186626007,0.00022838141919169437,0.00018483877715048122,0.00020242200433707536,0.00018287450415192382
-27.695956,-6.3149478,0.00019545015952374494,0.0001084895957735219,0.00014652907958329994,0.00021727643860752373,0.00023794537529446585,0.0002149674521047055
-27.695956,-4.9062639,0.00011553620339637156,0.00021031628395979225,-9.022465643058058e-05,9.85899373304574e-05,0.00010796853901271651,9.754222669938176e-05
-27.695956,-3.4975799,5.731361460894946e-05,-7.187943405217862e-05,-0.00017658546261314337,0.00011846822549841384,0.00012973779650180946,0.00011720926923337196
-27.695956,-2.08915,8.984440722380829e-05,-0.0002089401300774523,2.65658462195105e-06,0.0001395164216771648,0.00015278825227655888,0.00013803378722034352
-27.695956,-0.68046602,0.0001632668969854291,-8.59610824481682e-05,1.8372824657511975e-05,0.00012925555822400063,0.00014155129984478148,0.0001278819654808099
-27.695956,0.72821793,-8.474201737300327e-06,0.00013126823693327782,-0.00019539592018670018,0.00019281841921123553,0.00021116072877934552,0.0001907693469312147
-27.695956,2.1369019,0.00020384351552902002,0.00015649554005399866,-0.00021398174925796066,0.00016991315498977218,0.00018607654695839112,0.00016810749587630881
-27.695956,3.5453318,0.00024351023795761182,-0.0003322194003101085,-0.00010642932719639871,0.00010562784053727162,0.00011567593945890799,0.00010450533843948584
-27.695956,4.9540158,0.00023390586920371323,-0.000577256204346282,-0.00023428794765366652,0.0001252909720179028,0.00013720957297008428,0.000123959510745811
-27.695956,6.3626998,0.0002440750029417203,0.00018637544000283854,-7.150341537159995e-06,0.0002305918505048395,0.00025252744733766203,0.00022814136174555868
-27.695956,7.7713837,0.0003653370666715649,3.052999087924529e-05,-4.5550743967571484e-05,0.00040288076100432075,0.0004412057491873331,0.00039859936608901324
-27.695956,9.1798137,0.0005150054759237158,-0.0003429347719011717,-0.000157147045187161,0.00019810884581996104,0.0002169544197696195,0.00019600355242441276
-27.695956,10.588498,0.00037037985525617887,-0.0003657084211240326,-0.00010744133584281439,0.0001291428048190994,0.00014142782050456247,0.00012777041030105345
-29.759757,-30.261559,0.00015577831243751295,-0.0007147691605351417,-3.4887978572513745e-05,0.000134415475561223,0.00014720206656009614,0.00013298704861900554
-29.759757,-28.852875,0.0003448475044512833,7.469995471749462e-05,0.00025725944168179457,0.0008797824924994531,0.0009634738892907041,0.0008704330852955922
-29.759757,-27.444191,9.672564613474679e-05,2.5480824380395064e-05,-4.2766247490060364e-05,0.00031416096458528975,0.0003440462716543443,0.0003108223907778035
-29.759757,-26.035507,0.0008971818176991062,-0.00011570043404920627,-2.141508711439795e-05,0.0001550506367148954,0.00016980019637317584,0.0001534029208850301
-29.759757,-24.627077,0.0009648783165385653,-2.9395011041427947e-05,9.359286971975423e-06,7.50441382463795e-05,8.218288993096862e-05,7.424664771571649e-05
-29.759757,-23.218393,0.0010319638967131372,3.337408966677663e-05,-1.4179555197321227e-05,6.751662808835744e-05,7.393930751129864e-05,6.679913205469439e-05
-29.759757,-21.809709,0.0011214477028838384,-0.0005087649254439118,0.00011212353346906223,0.00011017145348808665,0.00012065177437031304,0.00010900066662855186
-29.759757,-20.401025,0.0009846566600992608,-0.0001063120561282952,-3.630492290427121e-05,0.00011193539329174791,0.00012258351313301714,0.00011074586112718002
-29.759757,-18.992595,0.000933484929489982,-0.00020339291057554682,-0.0001070365835002222,0.0001980621637893768,0.00021690329700033072,0.00019595736648217446
-29.759757,-17.583911,0.0005374705249111578,0.0006415566899730834,0.0001422132231667072,0.0002902430469203765,0.0003178531053257961,0.0002871586476994287
-29.759757,-16.175228,0.00033505704124884135,-0.00010196881551208631,0.00030698154991929956,0.0002027814134703712,0.00022207147650292583,0.00020062646491831283
-29.759757,-14.766544,0.00014347951626319312,0.0005531882838893204,-0.00025347869239189584,0.0002086524307824977,0.000228500988264919,0.00020643509120594388
-29.759757,-13.358114,-6.63203393883072e-05,-0.0005322217128597055,1.2109678563085301e-05,0.00024259503437648182,0.00026567246255156075,0.00024001698834696768
-29.759757,-11.94943,-0.00010677463478024359,-7.318442915279605e-05,0.0002206235701683666,0.00041887762958488554,0.00045872435784021675,0.00041442623669803007
-29.759757,-10.540746,-0.00023855643416949464,-0.0001365128667699305,0.0003670490992474919,0.00017595065689145862,0.0001926883805517269,0.00017408083752913468
-29.759757,-9.1320618,-3.496283073374175e-06,0.00011762811802626779,-0.00011324112493235597,7.870656111636452e-05,8.61937094652605e-05,7.787015018990698e-05
-29.759757,-7.7236318,-9.810397612668752e-05,0.0009603887720792145,0.0002915076661868855,0.0005539157452242819,0.0006066082945935084,0.0005480293086299028
-29.759757,-6.3149478,6.019242801946296e-05,0.0005246013945191129,-0.00040184436591895594,0.00017308267574900915,0.00018954757589942454,0.00017124333428736988
-29.759757,-4.9062639,-5.351722757118183e-05,0.0004533168110830061,-0.0004402180674871861,0.00021936599823759462,0.00024023370924126914,0.0002170348060833474
-29.759757,-3.4975799,-0.0002551988112459601,-6.330084041808845e-05,0.00010809604844871996,0.00024526539228384147,0.00026859684459044333,0.00024265896848589582
-29.759757,-2.08915,5.751845477659104e-05,9.582868704500126e-05,-0.00014818640103635248,9.683314963454782e-05,0.00010604463271955446,9.580410830373178e-05
-29.759757,-0.68046602,0.00013580773246961547,0.00020868593639689144,-0.00010284337625194753,0.0002084819536911421,0.00022831429413700482,0.00020626642576638396
-29.759757,0.72821793,8.173949684582961e-05,-0.00021871362216065784,-0.00024337784379758307,0.0001159172287962535,0.00012694413018626808,0.0001146853818531061
-29.759757,2.1369019,0.00030893622621318306,8.496113136321333e-05,-0.0004817828574434941,0.00016415421173885056,0.00017976977056781074,0.00016240975264447365
-29.759757,3.5453318,0.0002678209021715135,-9.519030004363496e-05,-0.0003980396432703166,0.00011983326942239439,0.00013123269346760371,0.00011855980689934561
-29.759757,4.9540158,0.00026440732783946096,8.96769773058635e-05,-6.669828106941468e-05,0.0003586063842994622,0.0003927196673615334,0.00035479549110515164
-29.759757,6.3626998,0.0003398265834318617,7.351839559596332e-05,-1.6739071407226567e-05,0.00028487639161944807,0.00031197593421053747,0.0002818490235928765
-29.759757,7.7713837,0.0004234240030707377,-0.00040042083709211727,-0.00013552230630573366,0.00016762382477791406,0.00018356943877904542,0.00016584249426914441
-29.759757,9.1798137,0.0007066967450917482,-0.0005754738353486253,-0.00036293906360326795,0.00022323767199414248,0.0002444736851488369,0.00022086533574432657
-29.759757,10.588498,0.000297641261318674,-0.0005636768809215704,0.00012693065127884195,0.0002107602476964585,0.00023080931626458665,0.00020852050844857953
-31.823557,-30.261559,0.00034993579816012686,6.960644455294254e-06,-2.1854449412288208e-05,0.0001940739577261875,0.0002125357033741875,0.00019201154289741758
-31.823557,-28.852875,0.0010273761299441485,0.0006001786403137555,0.00014637546838864644,0.0005651680171138399,0.0006189309655468862,0.0005591620031597371
-31.823557,-27.444191,0.00041576208113838526,0.0006133749526442244,0.0013198625278232198,0.0005807882095597446,0.0006360370658522205,0.0005746162005488438
-31.823557,-26.035507,0.0007881390521934315,0.00029910983074440245,9.056375459056085e-05,0.0002032495577174031,0.00022258415408243207,0.00020108963421802052
-31.823557,-24.627077,0.0009445269614536821,-5.432903098211818e-05,-1.0349130978826352e-06,7.663083915967586e-05,8.392052953313449e-05,7.58164868329711e-05
-31.823557,-23.218393,0.0010249780042886414,-2.4121711220509673e-05,1.8684507971142017e-05,9.895898540273589e-05,0.00010837269365819527,9.790735291533501e-05
-31.823557,-21.809709,0.0008788276662187407,-3.611240783738393e-06,0.00010544967265880138,0.00019860749313271557,0.0002175005020917333,0.000196496900636482
-31.823557,-20.401025,0.0008805460519603365,0.0008553609715583859,-0.00016269217360464418,0.00027498822111416326,0.00030114712802491953,0.0002720659342091812
-31.823557,-18.992595,0.000935467588438922,0.00038170115344167665,2.1887323283659424e-05,0.00018415471228331145,0.0002016728661759189,0.00018219770881026102
-31.823557,-17.583911,0.0008109402176531806,0.00030815860074680777,-6.871087295100242e-05,0.00023144822416235639,0.0002534652855730457,0.00022898863476126767
-31.823557,-16.175228,0.00028689436798573617,0.00036559535157764013,-0.00014393731927028042,0.00015751084871216137,0.00017249444187282956,0.00015583698832452475
-31.823557,-14.766544,-0.00022551225855410467,0.000752567910623238,-8.829456717878413e-05,0.0002775147454590847,0.0003039139939933946,0.0002745656093007907
-31.823557,-13.358114,-0.00017338222434200827,0.0006360822463368386,0.0002186938007042873,0.0002595151928359429,0.0002842021912259768,0.00025675733707709105
-31.823557,-11.94943,0.0004022338464933014,-5.7064347098672925e-05,-9.150361689207969e-05,0.00027894220477067173,0.0003054772437588222,0.00027597789906857594
-31.823557,-10.540746,5.92228179631757e-05,0.0002862553888656229,-0.00027439928131959933,0.0001197921677047524,0.00013118768185146,0.00011851914196786609
-31.823557,-9.1320618,-5.126867434323074e-05,-4.6538383318226926e-05,0.00020808815920111772,0.0001761224712941671,0.00019287653920741556,0.0001742508260680945
-31.823557,-7.7236318,-2.9970192377882402e-05,0.0006422543778994786,-0.0002579423101539922,0.00033868857784693135,0.00037090713231917517,0.00033508935024644144
-31.823557,-6.3149478,-6.968301189583453e-05,-0.00013899273277385678,-8.623160773842648e-06,8.12020990541986e-05,8.892664136971842e-05,8.033916816344289e-05
-31.823557,-4.9062639,-0.00019354097440982184,-0.00036303745611916894,-4.387314209442057e-05,0.00012144704761540244,0.0001329999861396037,0.00012015643554740552
-31.823557,-3.4975799,0.00010382740496586715,-0.00015098083156577286,-8.905968533674734e-05,0.00014434137578832437,0.00015807219159429649,0.0001428074667705319
-31.823557,-2.08915,9.371173854377934e-05,-0.000177331149855749,-9.015931589486173e-05,0.00012660344169851273,0.0001386468944427193,0.00012525803287295411
-31.823557,-0.68046602,0.00013334807923805035,5.2913833772155796e-05,5.318715266680047e-05,0.0002697025620616606,0.0002953586581174041,0.0002668364456086788
-31.823557,0.72821793,0.00015226807270665843,0.00016170640266497237,3.366747076967672e-05,0.00024611370403866375,0.00026952585401337603,0.00024349826527094137
-31.823557,2.1369019,0.0002520277095413261,-0.00019435251251662716,-8.688735162679864e-05,0.00012284822736066906,0.00013453445643194347,0.00012154272502140654
-31.823557,3.5453318,0.00023750693903651563,-0.0002897067683461412,-0.00015669891727000917,7.617467126142725e-05,8.342096758122763e-05,7.536516660961268e-05
-31.823557,4.9540158,0.00014126399132596707,0.00025994827183669023,-0.00013521076952817385,0.00019948246353042396,0.00021845870612242706,0.00019736257276426616
-31.823557,6.3626998,0.00023106479659393145,6.111515982321121e-05,-0.0003476047687938861,0.00013878812195645737,0.00015199067131732214,0.00013731322710655415
-31.823557,7.7713837,0.0003643446196957367,0.00015197363875274714,-0.0002565822136400141,0.00023574674618932648,0.00025817271470343894,0.00023324147659541482
-31.823557,9.1798137,0.0006986655501871596,-0.0001410164215577148,-0.00048206506771976794,0.00023652519857727928,0.0002590252192222331,0.0002340116564069662
-31.823557,10.588498,0.0005285109595673617,-0.0004548338936645615,-0.00014790063086029965,9.782669548048383e-05,0.0001071326919711853,9.6787095784897e-05
-33.887358,-30.261559,-0.0003509873813215646,-0.0005154297542908677,0.0005814492333690611,0.0003306308377959705,0.00036208288062664323,0.0003271172394199409
-33.887358,-28.852875,0.0005529829946039595,0.00021714359782514252,0.00039905632320341554,0.0003155284557167361,0.0003455438486230723,0.00031217534964545553
-33.887358,-27.444191,0.00047973342031150076,-0.00072329507753955,0.0006184130674286705,0.00039834107644665074,0.0004362342163665215,0.0003941079245475579
-33.887358,-26.035507,0.0008718159611700517,0.0002620941942456198,0.00019467347671893958,0.000177514114989575,0.00019440056631109056,0.00017562768083159125
-33.887358,-24.627077,0.0008267227053364089,0.0002273923337073363,-0.00012475858833761088,0.0002273985549179842,0.0002490303819329358,0.0002249820011611771
-33.887358,-23.218393,0.001034226103181749,-5.9416306971065336e-05,0.00014048478082615917,0.0003053556450696917,0.00033440332522909565,0.00030211064497802164
-33.887358,-21.809709,0.0010812126557873556,-0.0001480983769156376,0.00011511253333936684,5.6590609257165746e-05,6.197392521764485e-05,5.5989223511833515e-05
-33.887358,-20.401025,0.0009438499157128765,-1.8280009290489416e-05,7.827156703711469e-05,0.0001379413524820577,0.00015106335088749953,0.00013647545621140153
-33.887358,-18.992595,0.0009219515315868889,-0.00028951023233316197,4.854814840857661e-05,9.438994566400046e-05,0.00010336901317522416,9.338686814728283e-05
-33.887358,-17.583911,0.0005282506395121536,0.0005552989519451208,-0.000472568744450566,0.0001509980784715328,0.00016536212891296427,0.00014939342898781413
-33.887358,-16.175228,3.473577082723428e-05,0.00047686054801009353,5.524065582803472e-05,0.00027038853541987536,0.0002961098863187871,0.0002675151291604432
-33.887358,-14.766544,-6.165231136433172e-05,0.0002877435121743518,0.0002135744690704931,0.000292744131981568,0.0003205921120393637,0.00028963315384859426
-33.887358,-13.358114,-0.00011017843574507456,0.00030909104027152293,-0.00023188542700601836,0.00013458873506335382,0.00014739180778299877,0.00013315846690035668
-33.887358,-11.94943,-0.00012516146759067645,-2.5621524778637972e-05,-8.937824647129975e-05,0.00021984873944943847,0.00024076237235686753,0.00021751241722645656
-33.887358,-10.540746,-6.56398723697467e-05,0.00011198113852441564,-0.00030352459154268913,0.0001581972745516968,0.00017324616559867602,0.0001565161195487701
-33.887358,-9.1320618,-0.00021530516104983278,0.0002859664466279496,0.00010503682561287398,0.00019230890547154752,0.0002106027463364345,0.00019026524776997035
-33.887358,-7.7236318,6.6160189490087235e-06,-0.0004551133459817649,9.339088458232427e-05,0.00027427243790171944,0.00030036325423900626,0.00027135775759334793
-33.887358,-6.3149478,7.778265326321674e-05,0.00046828205704344217,-0.0002327700507158847,0.0004046145521826466,0.0004431044713641318,0.0004003147323497853
-33.887358,-4.9062639,-6.523021893315754e-05,0.00027283724026390816,-3.77523060845752e-05,0.00024180624608349314,0.0002648086389002899,0.0002392365824694693
-33.887358,-3.4975799,0.0002464694233701601,-0.0003036650578235978,-0.00024197851251758721,0.0002888310256483375,0.0003163067621814108,0.00028576163191224675
-33.887358,-2.08915,0.00012327619370590618,-0.0003995945478282888,-0.0003008276540116349,0.0002055609926890442,0.0002251154697890803,0.00020337650567977086
-33.887358,-0.68046602,-0.00031318943877359706,0.0001230226905046144,-8.30907786612835e-05,0.00032609973994275187,0.00035712075133927725,0.0003226342933310144
-33.887358,0.72821793,0.0003038570462679268,-0.0004512780984582075,-0.00048485419273605216,0.00021661329996753068,0.00023721915401831185,0.0002143113606084531
-33.887358,2.1369019,-0.00011839559901412107,0.00037501092083651886,-0.00022881929029374177,0.0003225150460001669,0.00035319505488328704,0.0003190876937622943
-33.887358,3.5453318,0.0002635480417629018,-0.0003906496890748661,-0.0002765448727709422,0.0001907782522140317,0.0002089264860562991,0.00018875086069206892
-33.887358,4.9540158,0.0004737806513443734,-9.280549599379399e-05,-0.0003443461205528545,0.0002211118551535935,0.00024214564493882878,0.00021876210985951355
-33.887358,6.3626998,0.0003679065998399714,-0.00046594618334343333,-0.00031928369393598285,0.00017802338980019386,0.00019495828709551247,0.00017613154360288696
-33.887358,7.7713837,0.0005085926982698031,-0.0004925890407382193,-0.0003410780805411629,0.00012738414607192685,0.00013950186517220562,0.00012603044073795363
-33.887358,9.1798137,0.000644675582907902,-0.0006770760085051087,-0.0002664019466485353,8.42927926029169e-05,9.231134447457459e-05,8.339701705713568e-05
-33.887358,10.588498,0.0005547875798937571,-0.0006903902010188509,-0.0001038712899212125,0.00010014919026371619,0.00010967611958060083,9.908490952521555e-05
-35.951159,-30.261559,-0.0005902606296576052,-0.0008841483700854452,0.00038697190805984385,0.00036622284091694147,0.00040106065748259236,0.0003623310079970633
-35.951159,-28.852875,0.0007680380774433818,-0.0005288960477360081,0.0004658236207612858,0.000397356869973915,0.00043515638491503476,0.0003931341771901917
-35.951159,-27.444191,0.0005090177805588627,0.00011036361089885551,0.00041670014430113765,0.0002514342777188412,0.00027535255988766057,0.0002487622974647813
-35.951159,-26.035507,0.0007531062293238646,4.5170828312550605e-05,6.087882002707453e-05,0.00016470929297171028,0.00018037765522049598,0.00016295893505558257
-35.951159,-24.627077,0.0008615776075135945,0.00025075670158779533,0.00013887317689540438,0.0001513697645020045,0.00016576917245859918,0.00014976116512823028
-35.951159,-23.218393,0.0008408205729627001,0.000174684917298754,9.078343615537358e-05,0.00010691430481983905,0.00011708478170827379,0.00010577813152667699
-35.951159,-21.809709,0.0009791913742295281,-6.81860513222157e-05,0.00013179045097393434,0.00010270934694342077,0.00011247981723792351,0.000101617859539687
-35.951159,-20.401025,0.0011486447863413162,-7.065896456209064e-05,3.5280193974031554e-05,0.00022666929180274539,0.0002482317459333748,0.00022426048788976973
-35.951159,-18.992595,0.0008235656771447676,-0.00022764506652070895,-3.258412788694384e-05,0.00012499372777432643,0.00013688405266292286,0.00012366542530327113
-35.951159,-17.583911,0.00029592431451390963,0.0003411461962098267,-0.00016985167530851614,0.00032317610993157263,0.0003539190040888409,0.00031974173259744084
-35.951159,-16.175228,0.0002892581285453011,0.0002893618798526478,-2.7162723085148498e-05,0.00030724587812572436,0.0003364733711882782,0.0003039807906168333
-35.951159,-14.766544,0.00023297037136505553,0.00019531686418852704,0.0001243045081675987,0.00019606691124808277,0.00021471824132770204,0.0001939833173961671
-35.951159,-13.358114,-2.442500336920707e-05,0.0007608051020267475,-3.8001234573657025e-05,0.0002414094900447481,0.0002643741405022482,0.00023884404273877036
-35.951159,-11.94943,1.0393201688058021e-05,0.00013173840797163012,-0.000203636717014233,0.00015415226941712097,0.00016881636975447212,0.00015251410049396078
-35.951159,-10.540746,-0.00018164395732130838,0.0004797140670546827,-0.000258997195837521,0.00019888555325089376,0.00021780501333818302,0.0001967720058225173
-35.951159,-9.1320618,-0.0001513677768621668,0.0002612967890122669,-0.00027194444164984195,0.00010311028243836926,0.00011291889267308322,0.00010201453431230127
-35.951159,-7.7236318,-0.00023235701641076263,1.2903798517207531e-05,9.0050500649582e-06,0.0002829740570636602,0.00030989263556604893,0.0002799669050565548
-35.951159,-6.3149478,-0.00017840787691471473,0.0003550964941227495,-0.00012629412912258068,0.00020459310186722146,0.0002240555060572487,0.00020241890058814865
-35.951159,-4.9062639,1.7466717098006364e-05,-3.829690993851654e-05,-0.0005546958787589878,0.0001986102789401061,0.00021750355290548468,0.00019649965683910726
-35.951159,-3.4975799,0.00012782507614696634,-0.0001610121250325767,-0.00039329141616419267,0.0002400066698216876,0.00026283787367837696,0.0002374561302200059
-35.951159,-2.08915,-6.290375513817198e-05,0.0007292492159717917,1.1045393586309928e-05,0.0003916708259790258,0.00042892944249512424,0.0003875085585170952
-35.951159,-0.68046602,0.00015608988507619014,0.0001235377866048192,-0.0005598341659198813,0.00029243957751904194,0.0003202585861112447,0.00028933183587186634
-35.951159,0.72821793,0.00015301902039737948,0.00013572024570683813,-0.000310204200851841,0.00016722387544261896,0.0001831314433140354,0.00016544679517667207
-35.951159,2.1369019,-3.499381631919684e-05,0.0005437971978135588,-0.000310089230666759,0.00023653652895371148,0.0002590376274276489,0.00023402286637593512
-35.951159,3.5453318,0.00021768234636659312,-0.00036890382580838913,-0.00019851131561834646,0.00010431261894267396,0.00011423560428972086,0.00010320409364325208
-35.951159,4.9540158,0.0005288137046757845,-0.0006233609544138066,-0.000166723688903819,0.00010123838014290695,0.0001108689212311696,0.00010016252463462179
-35.951159,6.3626998,0.00033286933886885877,-0.0005084168312119147,-3.755857121266271e-05,0.00019907329913737765,0.00021801061899723282,0.00019695775654240722
-35.951159,7.7713837,0.00040406366751913195,-0.0003392464754119143,-0.0001126976034597666,0.0001930118566906752,0.0002113725674573545,0.00019096072875940574
-35.951159,9.1798137,0.0005552614803373719,-0.0006805358625348247,-7.396085586012002e-05,6.024392657963773e-05,6.597477301745334e-05,5.960371720291231e-05
-35.951159,10.588498,0.0003840920796468594,-0.0005860293035658435,-9.575378248069549e-05,0.00011354444138695281,0.00012434562574541752,0.00011233780994407679
